PLU|KEMASAN|BARCODE|QTY|TGL_BERLAKU
10000053|CTN|18992946121019|12|07/09/2021
10000107|CTN|0738989714044|24|07/09/2021
10000107|CTN|8997225200044|24|07/09/2021
10000178|CTN|38992628020146|6|07/09/2021
10000181|CTN|28992628010133|4|07/09/2021
10000184|CTN|10089686010043|40|07/09/2021
10000185|CTN|10089686010524|40|22/07/2021
10000210|CTN|08999999010133|48|22/07/2021
10000210|CTN|8999999084950|48|22/07/2021
10000210|CTN|28719200171750|48|22/07/2021
10000343|BOX|8992761119034|4|07/09/2021
10000405|CTN|18998009010610|12|22/07/2021
10000426|CTN|18886008101098|12|22/07/2021
10000442|CTN|18993496106518|6|22/07/2021
10000507|CTN|18994357010012|20|22/07/2021
10000652|CTN|10089686010012|40|22/07/2021
10000653|CTN|18994357010029|30|22/07/2021
10000688|CTN|8992761137014|12|22/07/2021
10000689|CTN|8992761137038|12|22/07/2021
10000690|CTN|8992761137052|12|22/07/2021
10000713|CTN|10089686010104|40|22/07/2021
10000861|CTN|10089686060123|24|22/07/2021
10000955|CTN|03323908|12|22/07/2021
10000975|CTN|10089686060024|24|22/07/2021
10002307|CTN|18992753006929|24|22/07/2021
10002307|CTN|18992753177100|24|22/07/2021
10002307|CTN|18992753172204|24|22/07/2021
10002560|CTN|10089686010340|40|22/07/2021
10002595|CTN|8886057015516|50|22/07/2021
10002835|CTN|1888890415000|40|22/07/2021
10002965|CTN|8999988888187|48|22/07/2021
10003359|CTN|08999999012977|12|22/07/2021
10003359|CTN|66555899011260|12|22/07/2021
10003372|CTN|18992702005928|24|22/07/2021
10003373|CTN|18992702005942|24|22/07/2021
10003374|CTN|10089686017073|40|22/07/2021
10003389|CTN|8991102800037|24|22/07/2021
10003397|CTN|18992753006905|24|22/07/2021
10003397|CTN|18992753174208|24|22/07/2021
10003411|CTN|10089686060161|24|22/07/2021
10003426|CTN|18992702005973|24|22/07/2021
10003427|CTN|8886057010306|50|22/07/2021
10003434|CTN|18992727000311|12|22/07/2021
10003435|CTN|10089686014287|40|22/07/2021
10003517|CTN|10089686010821|40|22/07/2021
10003517|CTN|10089686010944|40|22/07/2021
10003580|CTN|18997035563428|24|22/07/2021
10003627|CTN|8999988888712|24|22/07/2021
10003645|CTN|18998866679661|12|22/07/2021
10003646|CTN|18998866679609|12|22/07/2021
10003800|CTN|10089686041702|24|22/07/2021
10003801|CTN|10089686041764|24|22/07/2021
10003813|CTN|18998866600108|12|22/07/2021
10003814|CTN|28886008101057|24|22/07/2021
10003842|CTN|8999988888743|24|22/07/2021
10004032|CTN|08999999013547|12|22/07/2021
10004034|CTN|008999999000578|12|22/07/2021
10004055|CTN|10089686000013|20|22/07/2021
10004067|CTN|18998866100707|12|22/07/2021
10004067|CTN|28998866100193|12|22/07/2021
10004068|CTN|18998866100714|12|22/07/2021
10004237|CTN|8999988888767|24|22/07/2021
10004262|CTN|10089686000068|20|22/07/2021
10004327|CTN|10089686048701|24|22/07/2021
10004331|CTN|18888900400118|20|22/07/2021
10004335|CTN|8994096213685|48|22/07/2021
10004335|CTN|18990368990138|48|22/07/2021
10004335|CTN|8996129803535|48|22/07/2021
10004336|CTN|18990368990145|24|22/07/2021
10004336|CTN|8994096213661|24|22/07/2021
10004336|CTN|8996129803559|24|22/07/2021
10004337|CTN|18990368990152|12|22/07/2021
10004487|CTN|38886008101047|48|22/07/2021
10004534|CTN|10089686011033|40|22/07/2021
10004610|CTN|20055500130201|12|22/07/2021
10004612|CTN|20055500130225|12|22/07/2021
10004668|CTN|18998009010245|24|22/07/2021
10004669|CTN|18998009010238|24|22/07/2021
10004676|CTN|18998009010221|24|22/07/2021
10004778|CTN|18993007000212|40|22/07/2021
10004779|CTN|18993007000236|40|22/07/2021
10004780|CTN|18993007000250|40|22/07/2021
10005128|CTN|18996006142518|24|22/07/2021
10005246|CTN|18998866601785|6|22/07/2021
10005344|CTN|20055500130249|12|22/07/2021
10005441|CTN|18998866601976|5|22/07/2021
10005442|CTN|58992628094158|12|22/07/2021
10005475|CTN|18889196124118|24|22/07/2021
10005481|CTN|08999999089696|24|22/07/2021
10005481|CTN|08999999012328|24|22/07/2021
10005481|CTN|8999999089696|24|22/07/2021
10005482|CTN|08999999012335|12|22/07/2021
10005482|CTN|08999999089689|12|22/07/2021
10005482|CTN|08999999139360|12|22/07/2021
10005482|CTN|08999999187156|12|22/07/2021
10005482|CTN|8999999131791|12|22/07/2021
10005802|CTN|18998866601877|12|22/07/2021
10005803|CTN|18998866601846|12|22/07/2021
10005838|CTN|8992826111188|6|22/07/2021
10005839|CTN|18992946121026|6|22/07/2021
10006263|CTN|18999908034226|50|22/07/2021
10006782|CTN|10041790001652|12|22/07/2021
10007379|CTN|18998009010559|24|22/07/2021
10007380|CTN|18998009010566|24|22/07/2021
10007385|CTN|18998009030038|24|22/07/2021
10007389|CTN|18998866602737|12|22/07/2021
10007970|CTN|08999999090067|24|22/07/2021
10007970|CTN|18998009020183|24|22/07/2021
10007971|CTN|18998009020176|24|22/07/2021
10007972|CTN|08999999173685|24|22/07/2021
10007972|CTN|18998009020220|24|22/07/2021
10007973|CTN|18998009020190|24|22/07/2021
10007974|CTN|08999999173692|24|22/07/2021
10007974|CTN|18998009020213|24|22/07/2021
10008095|CTN|18998009010573|24|22/07/2021
10008104|CTN|18998866602744|12|22/07/2021
10008581|CTN|8999988888170|24|22/07/2021
10008590|CTN|10041790001508|12|22/07/2021
10008825|CTN|18998009010597|40|22/07/2021
10008826|CTN|18998009010603|40|22/07/2021
10008887|CTN|18998009050050|24|22/07/2021
10008989|CTN|3899262802053|6|22/07/2021
10008989|CTN|38992628020153|6|22/07/2021
10009014|CTN|18992779228407|12|22/07/2021
10009014|CTN|18992779228404|12|22/07/2021
10009296|CTN|18992753017659|36|22/07/2021
10009296|CTN|18992753017658|36|22/07/2021
10010074|BOX|8998989811019|10|07/09/2021
10010074|CTN||200|22/07/2021
10010075|BOX|8998989811026|10|07/09/2021
10010075|CTN|8998989011020|100|22/07/2021
10010077|BOX|8998989812115|10|07/09/2021
10010077|CTN|8998989012119|100|22/07/2021
10010078|BOX|8998989810012|20|07/09/2021
10010078|CTN|8998989010016|200|07/09/2021
10010080|BOX|8998989850117|10|07/09/2021
10010080|CTN|8998989050111|200|22/07/2021
10010081|CTN||200|22/07/2021
10010081|BOX|8991906151014|10|07/09/2021
10010082|BOX|8991906151021|10|07/09/2021
10010082|CTN||100|22/07/2021
10010083|BOX|8991906151649|10|07/09/2021
10010083|CTN||200|22/07/2021
10010084|BOX|8991906151052|10|07/09/2021
10010084|CTN||100|22/07/2021
10010088|BOX|8999909000605|10|07/09/2021
10010088|BOX|8999909172234|10|07/09/2021
10010088|CTN||200|22/07/2021
10010090|BOX|8999909999442|10|07/09/2021
10010090|CTN||100|22/07/2021
10010091|BOX|8999909424999|10|07/09/2021
10010091|CTN||100|22/07/2021
10010094|BOX|8999909830233|10|07/09/2021
10010094|BOX|8999909000407|10|07/09/2021
10010094|CTN||200|22/07/2021
10010100|BOX|7616400001573|10|07/09/2021
10010100|CTN||500|22/07/2021
10010100|BOX|0028200108203|10|07/09/2021
10010102|BOX|7623900001033|10|07/09/2021
10010102|CTN||500|22/07/2021
10010102|BOX|0028200106902|10|07/09/2021
10010105|CTN||200|22/07/2021
10010105|BOX|8994214459452|10|07/09/2021
10010112|CTN||500|22/07/2021
10010112|BOX|8998181101116|10|07/09/2021
10010113|BOX|8998181111115|10|07/09/2021
10010113|CTN||500|22/07/2021
10010232|CTN|18998899940646|24|22/07/2021
10010232|CTN|28992694103128|24|22/07/2021
10010480|CTN|8999999011802|12|22/07/2021
10010480|CTN|08999999011802|12|22/07/2021
10010683|CTN|18992727001486|12|22/07/2021
10010804|CTN|18993496000144|12|22/07/2021
10010805|CTN|18993496000151|6|22/07/2021
10011235|CTN|18992779259408|12|22/07/2021
10011440|CTN|18998866603406|12|22/07/2021
10012104|CTN||200|22/07/2021
10012104|BOX|8991906151663|10|07/09/2021
10012338|CTN|58992628022151|12|22/07/2021
10012548|CTN|18998866603536|12|22/07/2021
10012753|CTN|38992628032156|6|22/07/2021
10013027|CTN|18993351179612|12|22/07/2021
10013100|CTN|58992628034154|12|22/07/2021
10013107|CTN|18998866602928|12|22/07/2021
10013134|CTN|18998866603635|6|22/07/2021
10013135|CTN|8998866603598|6|22/07/2021
10013135|CTN|18998866603598|6|22/07/2021
10013689|CTN|18998866601532|12|22/07/2021
10014260|CTN|08999999011239|12|22/07/2021
10014263|CTN|08999999017026|12|22/07/2021
10014263|CTN|08999999011277|12|22/07/2021
10014292|CTN|10089686060468|24|22/07/2021
10014293|CTN|10089686060369|24|22/07/2021
10014404|CTN|09556001051585|24|22/07/2021
10014526|BOX|8991906151076|10|07/09/2021
10014526|CTN||100|22/07/2021
10014528|CTN||100|22/07/2021
10014528|BOX|8991906151120|10|07/09/2021
10015532|CTN|28886008101330|24|22/07/2021
10016899|CTN|10089686043713|40|22/07/2021
10018962|CTN|05633906|12|22/07/2021
10018962|CTN|18886030633901|12|22/07/2021
10019363|CTN|18886015726109|6|22/07/2021
10019614|CTN|18998009010917|40|22/07/2021
10019615|CTN|18998009010924|40|22/07/2021
10023789|CTN|18998866200308|40|22/07/2021
10023790|CTN|18998866200315|40|22/07/2021
10023791|CTN|18998866200339|40|22/07/2021
10023792|CTN|18998866200322|40|22/07/2021
10024523|BOX|8993989311668|10|07/09/2021
10024523|CTN||100|22/07/2021
10024665|CTN|8992761112141|24|22/07/2021
10024667|CTN|8992761112134|24|22/07/2021
10025196|CTN|10041790004103|12|22/07/2021
10025292|CTN|8992761112226|24|22/07/2021
10025295|BOX|8999909005860|10|07/09/2021
10025295|CTN||200|22/07/2021
10025482|CTN|18998866604946|6|22/07/2021
10025646|CTN|18886030653916|12|22/07/2021
10025647|CTN|18886030653909|12|22/07/2021
10025991|CTN|9556156033948|24|22/07/2021
10025994|CTN|9556156033917|24|22/07/2021
10027688|CTN|08076809022552|15|22/07/2021
10028192|CTN|68801056025818|30|22/07/2021
10030034|CTN|087303802708|20|22/07/2021
10030189|CTN|10089686915706|40|22/07/2021
10030733|CTN||100|22/07/2021
10030733|BOX|8999909038899|10|07/09/2021
10030804|CTN|8992761162016|24|22/07/2021
10030804|CTN|8992761113025|24|22/07/2021
10030805|CTN|8992761162030|24|22/07/2021
10030806|CTN|8992761162023|24|22/07/2021
10030924|CTN|18998866602089|12|22/07/2021
10030924|CTN|18998866614655|12|22/07/2021
10031203|CTN|18998866605813|6|22/07/2021
10033138|CTN|10089686816027|24|22/07/2021
10033567|CTN|0738989886024|24|22/07/2021
10033567|CTN|8997225200242|24|22/07/2021
10034797|CTN|18992753016591|36|22/07/2021
10034797|CTN|18992753006806|36|22/07/2021
10034798|CTN|18992753006783|36|22/07/2021
10034798|CTN|18992753016607|36|22/07/2021
10035179|CTN|18998990217012|144|22/07/2021
10035179|BOX|28998990217019|12|06/09/2021
10035852|CTN|18993118731326|40|22/07/2021
10035954|CTN|10089686910299|40|22/07/2021
10035954|CTN|10089686910305|40|22/07/2021
10035955|CTN|10089686011279|40|22/07/2021
10035955|CTN|10089686011286|40|22/07/2021
10036386|CTN|18998866605646|12|22/07/2021
10036640|CTN|18998009040020|24|22/07/2021
10036644|CTN|18888196120714|24|22/07/2021
10036646|CTN|18998009010634|12|22/07/2021
10036647|CTN|18998009010627|12|22/07/2021
10037229|CTN|8998899113074|12|22/07/2021
10037254|CTN|18992779226403|12|22/07/2021
10037437|CTN|8999988888729|24|22/07/2021
10039897|CTN|18997009510014|30|22/07/2021
10039897|CTN|18997009510021|30|22/07/2021
20000786|CTN|09556001025265|24|22/07/2021
20000787|CTN|09556001047168|24|22/07/2021
20000980|CTN|78992772190533|24|22/07/2021
20001402|CTN|8994096222588|12|22/07/2021
20001407|CTN|8994096222571|12|22/07/2021
20001645|CTN|08999999012304|12|22/07/2021
20002178|BOX|8995078803177|10|07/09/2021
20002178|CTN|08995078801777|100|22/07/2021
20002900|BOX|8998181751113|10|07/09/2021
20002900|CTN||500|22/07/2021
20002901|BOX|8998181781110|10|07/09/2021
20002901|CTN||500|22/07/2021
20003466|CTN|18992727002476|12|22/07/2021
20003784|CTN|8992388101030|24|22/07/2021
20003786|CTN|8992388101047|24|22/07/2021
20004283|BOX|8999909000919|10|07/09/2021
20004283|CTN||100|22/07/2021
20005529|CTN|8992982216000|24|22/07/2021
20005530|CTN|8992982211500|12|22/07/2021
20005742|CTN|18998866200445|40|22/07/2021
20005835|CTN|8992761139216|24|22/07/2021
20007397|BOX|8998181761112|10|07/09/2021
20007397|CTN||500|22/07/2021
20007764|BOX|8993989311217|10|07/09/2021
20007764|CTN||0|22/07/2021
20007834|CTN|10089686910381|40|22/07/2021
20008767|CTN|10089686770039|24|22/07/2021
20008785|CTN|100896867700406|12|22/07/2021
20008785|CTN|10089686770046|12|22/07/2021
20009274|CTN|18992779225502|24|22/07/2021
20009274|CTN|18992779225505|24|22/07/2021
20009722|CTN|18997035563411|24|22/07/2021
20009737|CTN|18997009510052|30|22/07/2021
20009737|CTN|18997009510069|30|22/07/2021
20010142|BOX|4902210200903|10|07/09/2021
20010142|CTN||0|22/07/2021
20010655|CTN|8991102374408|6|22/07/2021
20010960|BOX|8801116200443|10|07/09/2021
20010960|BOX|8997032822019|10|07/09/2021
20010960|CTN|18997032823013|500|22/07/2021
20010961|BOX|8801116200405|10|07/09/2021
20010961|CTN||500|22/07/2021
20010961|BOX|8997032822026|10|07/09/2021
20011214|CTN|18998866200506|40|22/07/2021
20012007|CTN|18998866607350|12|22/07/2021
20012188|CTN|18998866607312|12|22/07/2021
20012572|CTN|8992761124045|12|22/07/2021
20012572|CTN|8992761129521|12|22/07/2021
20012573|CTN|8992761124052|12|22/07/2021
20012573|CTN|8992761129514|12|22/07/2021
20012574|CTN|8992761124014|12|22/07/2021
20012574|CTN|8992761129538|12|22/07/2021
20012933|CTN|8992761124021|12|22/07/2021
20012933|CTN|8992761129545|12|22/07/2021
20014023|CTN|6920238016120|24|22/07/2021
20014023|CTN|6920238061069|24|22/07/2021
20014024|CTN|6920238061076|24|22/07/2021
20014027|CTN|6920238015123|24|22/07/2021
20014027|CTN|6920238061014|24|22/07/2021
20014069|CTN|18992753005496|12|22/07/2021
20014069|CTN|18992753018861|12|22/07/2021
20014071|CTN|18992753005489|12|22/07/2021
20014071|CTN|18992753018908|12|22/07/2021
20014321|CTN|8992761137243|12|22/07/2021
20014608|CTN|18999908260205|50|22/07/2021
20014954|CTN|09556001054081|24|22/07/2021
20015039|CTN|18998899994939|12|22/07/2021
20015239|CTN|8991102377805|6|22/07/2021
20015250|CTN|18998009011518|40|22/07/2021
20015368|CTN|0738989714099|35|22/07/2021
20015368|CTN|8997225200068|35|22/07/2021
20015838|CTN|18997035563541|24|22/07/2021
20016245|CTN|10089686061021|24|22/07/2021
20016245|CTN|20089686061028|24|22/07/2021
20016246|CTN|10089686061120|24|22/07/2021
20016246|CTN|20089686061127|24|22/07/2021
20016247|CTN|10089686061076|24|22/07/2021
20016247|CTN|10089686851076|24|22/07/2021
20016247|CTN|20089686061073|24|22/07/2021
20017225|CTN|18998009011204|12|22/07/2021
20018435|CTN|8992858527353|24|22/07/2021
20018658|CTN|8992761137236|12|22/07/2021
20019179|CTN|08992696417953|24|22/07/2021
20019180|CTN|08992696417939|24|22/07/2021
20019315|CTN|18992946521185|24|22/07/2021
20019478|CTN|6920238019121|30|22/07/2021
20019479|CTN|6920238017127|30|22/07/2021
20019479|CTN|6920238090649|30|22/07/2021
20019480|CTN|6920238018124|30|22/07/2021
20019481|CTN|6920238023128|30|22/07/2021
20019482|CTN|6920238020127|30|22/07/2021
20019597|CTN|08992696418363|36|22/07/2021
20019597|CTN|08992696428225|36|22/07/2021
20019597|CTN|08992696430273|36|22/07/2021
20019597|CTN|08992696523074|36|22/07/2021
20019673|CTN|18997009510113|24|22/07/2021
20019674|CTN|18997009510120|24|22/07/2021
20019930|CTN|10089686011187|40|22/07/2021
20019930|CTN|10089686011811|40|22/07/2021
20020226|CTN|08999999166632|12|22/07/2021
20020226|CTN|08999999019204|12|22/07/2021
20020226|CTN|08999999175856|12|22/07/2021
20020230|CTN|08999999166731|6|22/07/2021
20020230|CTN|08999999016630|6|22/07/2021
20020245|CTN|08999999175863|12|22/07/2021
20020245|CTN|08999999015466|12|22/07/2021
20020245|CTN|08999999166687|12|22/07/2021
20020285|CTN|18992753019035|24|22/07/2021
20020285|CTN|18992753017208|24|22/07/2021
20021178|CTN|8992761167035|12|22/07/2021
20021178|CTN|8992761167721|12|22/07/2021
20022403|CTN|08999999018245|12|22/07/2021
20022403|CTN|08999999137885|12|22/07/2021
20022403|CTN|08999999151188|12|22/07/2021
20022403|CTN|8999999125370|12|22/07/2021
20022403|CTN|08999999125370|12|22/07/2021
20022431|CTN|901389752|24|22/07/2021
20022431|CTN|9002490100094|24|22/07/2021
20022698|CTN|08999999018368|6|22/07/2021
20023029|CTN|08999999018375|12|22/07/2021
20023111|CTN|18999908264104|12|22/07/2021
20023114|CTN|20055500130256|12|22/07/2021
20023120|CTN|20055500130263|12|22/07/2021
20024324|CTN|10089686011699|40|22/07/2021
20024509|CTN|18998866608326|12|22/07/2021
20024597|CTN|18997009780233|24|22/07/2021
20024599|CTN|18997009780257|24|22/07/2021
20024737|CTN|18992779217101|12|22/07/2021
20025359|CTN|18997035600321|6|22/07/2021
20025415|CTN|10089686060741|12|22/07/2021
20025415|CTN|10089686060789|12|22/07/2021
20025416|CTN|10089686060758|12|22/07/2021
20025416|CTN|10089686060772|12|22/07/2021
20025418|CTN|18998866200575|40|22/07/2021
20025752|CTN|18992753018818|36|22/07/2021
20025753|CTN|18992753018793|36|22/07/2021
20026226|CTN|18998009040136|12|22/07/2021
20026305|CTN|18992727003688|8|22/07/2021
20027530|CTN|18998866608456|24|22/07/2021
20027768|CTN|08992696419759|36|22/07/2021
20027768|CTN|08992696428737|36|22/07/2021
20027768|CTN|8992696522978|36|22/07/2021
20027963|CTN|18997010250060|12|22/07/2021
20028254|CTN|10089686010593|40|22/07/2021
20028779|CTN|18997010250022|12|22/07/2021
20028793|CTN|18999510800110|24|22/07/2021
20029054|CTN|8991102800068|24|22/07/2021
20029306|CTN|18992779218900|12|22/07/2021
20029731|BOX|8998989400398|10|07/09/2021
20029731|CTN||100|22/07/2021
20029782|CTN|18998866608555|12|22/07/2021
20030446|CTN|18998866607343|6|22/07/2021
20030446|CTN|8998866607343|6|22/07/2021
20031344|CTN|38992772480261|24|22/07/2021
20031552|CTN|8883241263944|6|22/07/2021
20031775|CTN|18992718833119|30|22/07/2021
20031847|CTN|8999999066444|12|22/07/2021
20031847|CTN|8999999093525|12|22/07/2021
20032099|CTN|10089686040644|20|22/07/2021
20032100|CTN|10089686040163|20|22/07/2021
20032111|CTN|07622300030100|6|22/07/2021
20032250|CTN|78992772190236|24|22/07/2021
20032503|CTN|8992761138059|12|22/07/2021
20032519|CTN|18997009510137|30|22/07/2021
20032643|CTN|18998009011211|24|22/07/2021
20032643|CTN|18998009011211	|24|22/07/2021
20032644|CTN|18998009010269|24|22/07/2021
20032971|CTN|8992761112158|24|22/07/2021
20033458|CTN||100|22/07/2021
20033458|BOX|8991911151016|10|07/09/2021
20033546|CTN|18993351129614|12|22/07/2021
20033547|CTN|18993351179711|12|22/07/2021
20033558|CTN|18888107000333|60|22/07/2021
20034077|CTN|18992753033741|36|22/07/2021
20034078|CTN|18992753033734|36|22/07/2021
20034079|CTN|18992753033727|36|22/07/2021
20034080|CTN|18992753033710|36|22/07/2021
20034450|CTN|18998866105153|12|22/07/2021
20034888|CTN|18851932207703|4|22/07/2021
20034993|CTN|08992696422667|36|22/07/2021
20034993|CTN|8992696522893|36|22/07/2021
20034993|CTN|08992696428744|36|22/07/2021
20035391|CTN|0648436140107|20|22/07/2021
20035484|CTN|28996001600140|24|22/07/2021
20035484|CTN|18996001600143|24|22/07/2021
20035535|CTN|14710363035993|12|22/07/2021
20035536|CTN|14710363035979|12|22/07/2021
20035544|CTN|8992761167141|12|22/07/2021
20035544|CTN|8992761167714|12|22/07/2021
20035736|CTN|9556007960416|24|22/07/2021
20035737|CTN|9556007960423|24|22/07/2021
20035816|CTN|8888640249834|24|22/07/2021
20036047|CTN|18998866608722|12|22/07/2021
20036135|CTN|8997009672487|6|22/07/2021
20036467|CTN|14902430358580|8|22/07/2021
20036765|CTN|8992761129569|12|22/07/2021
20036765|CTN|8992761125035|12|22/07/2021
20036808|CTN|18992727004388|8|22/07/2021
20037042|CTN|8992761146016|12|22/07/2021
20037042|CTN|8992761146511|12|22/07/2021
20037043|CTN|8992761146023|12|22/07/2021
20037043|CTN|8992761146528|12|22/07/2021
20037044|CTN|8992761146030|12|22/07/2021
20037044|CTN|8992761146535|12|22/07/2021
20037136|CTN|18801128945070|24|22/07/2021
20037137|CTN|18801128945285|24|22/07/2021
20037144|CTN|18995227500275|24|22/07/2021
20037150|CTN|18995227500244|24|22/07/2021
20037152|CTN|18995227500121|48|22/07/2021
20037153|CTN|18995227500268|24|22/07/2021
20037326|BOX|8991906151267|10|07/09/2021
20037326|CTN||100|22/07/2021
20037326|BOX|8991906151274|10|07/09/2021
20037446|CTN|08999999071530|12|22/07/2021
20037446|CTN|8999999093532|12|22/07/2021
20037446|CTN|089999990993532|12|22/07/2021
20037446|CTN|08999999093532|12|22/07/2021
20037535|CTN|08992696424487|36|22/07/2021
20037535|CTN|08992696523098|36|22/07/2021
20037535|CTN|089992696424487|36|22/07/2021
20037535|CTN|8992696424487|36|22/07/2021
20037565|CTN|18996001600204|12|22/07/2021
20037566|CTN|18993496107065|6|22/07/2021
20037588|BOX|8801116001408|10|07/09/2021
20037588|BOX|8997032822033|10|07/09/2021
20037588|CTN|18801116001009|500|22/07/2021
20037607|CTN|09556001174642|24|22/07/2021
20037702|CTN|10089686917335|24|22/07/2021
20037703|CTN|10089686917342|24|22/07/2021
20037849|CTN|18992753033642|36|22/07/2021
20037850|CTN|18992753033659|36|22/07/2021
20037974|CTN|18998009010252|24|22/07/2021
20037976|CTN|18995108001655|24|22/07/2021
20038143|CTN||100|22/07/2021
20038143|BOX|8998989400077|10|07/09/2021
20038491|CTN|14902430844748|12|22/07/2021
20038491|CTN|14902430358634|12|22/07/2021
20038726|CTN|8997002057625|24|22/07/2021
20039178|CTN|24010057796|500|22/07/2021
20039178|BOX|8998127514147|10|07/09/2021
20039541|CTN|68992772550132|24|22/07/2021
20039541|CTN|68992772550248|24|22/07/2021
20039725|CTN|8801056412722|72|22/07/2021
20039732|CTN|09555376800070|24|22/07/2021
20039866|CTN|18998866608999|6|22/07/2021
20040276|CTN|38992772580244|24|22/07/2021
20040315|CTN|08997010253194|12|22/07/2021
20040484|CTN|8850987123559|12|22/07/2021
20040485|CTN|8850987123443|12|22/07/2021
20040486|CTN|8850987123467|12|22/07/2021
20040738|CTN|18992779238403|12|22/07/2021
20040738|CTN|18992779238406|12|22/07/2021
20040929|CTN|8850987131714|60|22/07/2021
20040930|CTN|8850987131257|60|22/07/2021
20040941|CTN|087303803187|24|22/07/2021
20041325|CTN|18991001770469|6|22/07/2021
20041483|CTN|18998866608913|6|22/07/2021
20041573|CTN|08999999081065|12|22/07/2021
20041573|CTN|28719200171378|12|22/07/2021
20041574|CTN|08999999081041|6|22/07/2021
20041574|CTN|28719200171385|6|22/07/2021
20041609|CTN|18992779037204|12|22/07/2021
20042466|CTN|18998866609040|12|22/07/2021
20042848|CTN|18850389108182|24|22/07/2021
20042859|CTN|18850389108168|24|22/07/2021
20042860|CTN|18850389108175|24|22/07/2021
20043389|BOX|8997018460167|10|07/09/2021
20043389|CTN|8997018460129|500|22/07/2021
20043713|CTN|38992628311152|6|22/07/2021
20043877|CTN|18998866500705|24|22/07/2021
20043877|CTN|18998866501177|24|22/07/2021
20044199|CTN|10089686010715|40|22/07/2021
20044208|CTN|18991688890733|24|22/07/2021
20044334|CTN|18996006859713|24|22/07/2021
20044467|CTN|18888107000272|12|22/07/2021
20045052|CTN|8994096213708|24|22/07/2021
20045092|BOX|8998989850223|10|07/09/2021
20045092|CTN||200|22/07/2021
20045093|BOX|8998968540015|10|07/09/2021
20045093|CTN||100|22/07/2021
20045099|BOX|8994214984954|10|07/09/2021
20045099|CTN||100|22/07/2021
20045180|CTN|10089686017752|24|22/07/2021
20045181|CTN|10089686017745|24|22/07/2021
20045374|CTN|8992761125080|12|22/07/2021
20045374|CTN|8992761129590|12|22/07/2021
20045413|CTN|08999999069117|6|22/07/2021
20045415|CTN|18996001600228|24|22/07/2021
20045609|CTN|18998866200858|12|22/07/2021
20045610|CTN|18998866200834|12|22/07/2021
20045611|CTN|18998866200810|12|22/07/2021
20045673|CTN|18991002121000|24|22/07/2021
20045674|CTN|18991002121017|24|22/07/2021
20045931|CTN|18997011067100|32|22/07/2021
20045982|CTN|18997011067209|32|22/07/2021
20045995|CTN|18995227501012|24|22/07/2021
20046080|BOX|8998989400084|10|07/09/2021
20046080|CTN||100|22/07/2021
20046279|BOX|8991906151366|10|07/09/2021
20046279|CTN||100|22/07/2021
20046314|CTN|8992761164669|12|22/07/2021
20046314|CTN|8992761164782|12|22/07/2021
20046315|CTN|8992761164799|12|22/07/2021
20046315|CTN|8992761164676|12|22/07/2021
20046317|CTN|8992933652314|24|22/07/2021
20046318|CTN|8992933651317|24|22/07/2021
20046319|CTN|18995227500589|24|22/07/2021
20046409|CTN|8992696425323|36|22/07/2021
20046409|CTN|08992696428775|36|22/07/2021
20046409|CTN|08992696425323|36|22/07/2021
20046409|CTN|8992696522992|36|22/07/2021
20046548|CTN|18998866609187|6|22/07/2021
20046794|BOX|4033100014666|10|07/09/2021
20046794|BOX|4033100077654|10|07/09/2021
20046794|CTN||500|22/07/2021
20046862|CTN|18998009011648|40|22/07/2021
20046911|CTN|8992775712610|12|22/07/2021
20046911|CTN|8992775712719|12|22/07/2021
20047163|CTN|18998899940691|24|22/07/2021
20047244|CTN|18850389108458|24|22/07/2021
20047245|CTN|18850389108441|24|22/07/2021
20047247|CTN|18992752091124|18|22/07/2021
20047432|CTN|08999999087432|24|22/07/2021
20048021|BOX|8998989400152|10|07/09/2021
20048021|CTN||200|22/07/2021
20048096|CTN|18851028001345|24|22/07/2021
20048155|CTN|18996001600259|24|22/07/2021
20048155|CTN|28996001600256|24|22/07/2021
20048359|CTN|18998866200926|40|22/07/2021
20048435|CTN|18998009040181|24|22/07/2021
20048546|CTN|18999908389104|24|22/07/2021
20048585|CTN|10089686870012|12|22/07/2021
20048585|CTN|10089686870043|12|22/07/2021
20048585|CTN|10089888870043|12|22/07/2021
20048746|BOX|8991906151106|10|07/09/2021
20048746|CTN||100|22/07/2021
20048849|CTN|10089686043683|40|22/07/2021
20049226|CTN|18992727005484|8|22/07/2021
20049556|CTN|18998866200933|40|22/07/2021
20049610|CTN|10089686018018|24|22/07/2021
20051675|CTN|8995078804778|100|22/07/2021
20051675|BOX|8995078809018|10|07/09/2021
20052031|CTN|18998866106167|12|22/07/2021
20052260|CTN||500|22/07/2021
20052260|BOX|8997032822194|10|07/09/2021
20052321|CTN|18998866608739|6|22/07/2021
20052391|CTN|18998866200841|12|22/07/2021
20052583|CTN|8801073121331|40|22/07/2021
20052583|CTN|18801073121338|40|22/07/2021
20052629|CTN|8996129804075|24|22/07/2021
20053058|CTN|18992727005309|12|22/07/2021
20053059|CTN|18992727005286|12|22/07/2021
20053168|CTN|28719200171736|6|22/07/2021
20053168|CTN|08999999082130|6|22/07/2021
20053540|CTN|38992772580268|24|22/07/2021
20053745|CTN|8993175537827|6|22/07/2021
20053796|CTN|18998866803691|12|22/07/2021
20053797|CTN|18993007005712|24|22/07/2021
20053799|CTN|18992702006000|24|22/07/2021
20053858|CTN|18998866609484|24|22/07/2021
20053867|CTN|8991102228060|12|22/07/2021
20053867|CTN|8991102228619|12|22/07/2021
20054147|CTN|08999999095314|12|22/07/2021
20054383|CTN|08992696424494|36|22/07/2021
20054562|CTN||100|22/07/2021
20054562|BOX|8998989400176|10|07/09/2021
20054610|CTN|08999999095307|6|22/07/2021
20054639|CTN|8992933654318|24|22/07/2021
20054640|CTN|8992933653311|24|22/07/2021
20054747|CTN|18998866803646|6|22/07/2021
20054750|CTN|08999999180591|12|22/07/2021
20054750|CTN|08999999091972|12|22/07/2021
20054847|CTN|1899886660871|24|22/07/2021
20054897|CTN|08992696428829|36|22/07/2021
20055060|CTN|18998181941153|600|07/09/2021
20055683|CTN|10089686118015|12|22/07/2021
20055683|CTN|10089868670067|12|22/07/2021
20055742|CTN|18801073221496|16|22/07/2021
20055742|CTN|8801073221499|16|22/07/2021
20055762|CTN|18997029820063|36|22/07/2021
20055762|CTN|8850157102117|36|22/07/2021
20055763|CTN|18997029820056|36|22/07/2021
20055764|CTN|18997029820070|36|22/07/2021
20055795|BOX|8997032822279|10|07/09/2021
20055795|CTN||0|22/07/2021
20055829|CTN|18998866202159|24|22/07/2021
20055854|CTN|08999999082178|6|22/07/2021
20055854|CTN|28719200171729|6|22/07/2021
20055854|CTN|8999999082178|6|22/07/2021
20056193|CTN|18991002121062|24|22/07/2021
20056220|CTN|08999999010362|12|22/07/2021
20056352|CTN|10089686044079|40|22/07/2021
20056989|CTN|18997028440019|24|22/07/2021
20057229|CTN|18999908444902|40|22/07/2021
20057230|CTN|18999908445305|40|22/07/2021
20057867|CTN|18997009781117|12|22/07/2021
20058301|CTN|9556156049222|24|22/07/2021
20058301|CTN|9556156053724|24|22/07/2021
20058330|CTN|8997005860024|24|22/07/2021
20058478|BOX|8991906158884|10|07/09/2021
20058478|CTN||0|22/07/2021
20059501|CTN|18996001600310|24|22/07/2021
20060210|CTN|8994096218406|24|22/07/2021
20060210|CTN|8994096226531|24|22/07/2021
20060300|BOX|4033100066733|10|07/09/2021
20060300|CTN||500|22/07/2021
20061748|CTN|18998866610220|12|22/07/2021
20061938|CTN|8992775613016|24|22/07/2021
20062125|BOX|8991906155753|10|07/09/2021
20062125|CTN||100|22/07/2021
20062365|CTN|18998866200889|24|22/07/2021
20062818|CTN|10089686827795|12|22/07/2021
20062818|CTN|10089686827825|12|22/07/2021
20062818|CTN|10089686837795|12|22/07/2021
20062867|BOX|8992802080064|6|07/09/2021
20062868|BOX|8992802080057|6|07/09/2021
20062869|BOX|8992802080040|6|07/09/2021
20062910|CTN|18999510785547|24|22/07/2021
20063156|CTN|18992727005859|12|22/07/2021
20063262|CTN|8997204480153|12|22/07/2021
20064088|CTN||0|22/07/2021
20064088|BOX|8999909000384|10|07/09/2021
20064089|BOX|8999909000490|10|07/09/2021
20064089|CTN||0|22/07/2021
20064215|CTN|89927457302174|12|22/07/2021
20064413|CTN|18992727005972|6|22/07/2021
20064415|CTN|18992727005880|12|22/07/2021
20064828|CTN|18998866610268|24|22/07/2021
20065248|CTN|18997035601014|24|22/07/2021
20065300|CTN|18993560002074|24|22/07/2021
20065300|CTN|18993560000032|24|22/07/2021
20065301|CTN|18993560000025|12|22/07/2021
20065778|CTN|8992761003012|12|22/07/2021
20065779|CTN|8992761003029|12|22/07/2021
20065780|CTN|8992761003036|12|22/07/2021
20065844|CTN|10089686018087|24|22/07/2021
20065846|CTN|18996001520298|24|22/07/2021
20066629|CTN|18999908603606|30|22/07/2021
20066758|CTN|8997225200266|24|22/07/2021
20066758|CTN|8997206580226|24|22/07/2021
20066789|CTN|8992761167783|12|22/07/2021
20067200|CTN|8999999090173|12|22/07/2021
20067201|CTN|8999999090197|12|22/07/2021
20067395|CTN|18992718853537|30|22/07/2021
20067585|CTN|18998866805350|6|22/07/2021
20067681|CTN|18992718853476|12|22/07/2021
20067682|CTN|18992718583410|12|22/07/2021
20067865|CTN|10089686827818|12|22/07/2021
20067865|CTN|10089686827788|12|22/07/2021
20067874|CTN|400810020157|30|22/07/2021
20067923|CTN|18998127912278|600|07/09/2021
20068089|CTN|8997225200020|35|22/07/2021
20068089|CTN|8997206580189|35|22/07/2021
20068090|CTN|8997206580202|35|22/07/2021
20068090|CTN|8997225200082|35|22/07/2021
20069143|CTN|18992726892481|24|22/07/2021
20069145|CTN|18992726892511|24|22/07/2021
20069199|CTN|18995227501258|24|22/07/2021
20069208|CTN|18996001600266|24|22/07/2021
20069768|CTN|18993118731104|40|22/07/2021
20069786|CTN|8992761167790|12|22/07/2021
20069791|BOX|8998989400237|10|07/09/2021
20069791|CTN||0|22/07/2021
20069881|CTN|18998866201343|40|22/07/2021
20070253|CTN|18992753700100|36|22/07/2021
20070447|BOX|8997032822309|10|07/09/2021
20070447|CTN||0|22/07/2021
20070599|CTN|18998866610077|24|22/07/2021
20070618|BOX|8999909000551|10|07/09/2021
20070618|CTN||0|22/07/2021
20070851|CTN|08999999112431|24|22/07/2021
20070867|CTN|18992718853568|12|22/07/2021
20071386|BOX|8991906159997|10|07/09/2021
20071386|CTN||100|22/07/2021
20071508|CTN|0648436120994|16|22/07/2021
20071642|CTN|38992772580282|24|22/07/2021
20071827|CTN|08999999099220|12|22/07/2021
20071827|CTN|08999999137878|12|22/07/2021
20071828|CTN|08999999113315|6|22/07/2021
20072801|CTN|8992761167806|12|22/07/2021
20072802|CTN|8992761167813|12|22/07/2021
20073395|CTN|08999999113322|24|22/07/2021
20073425|CTN|8994096219410|12|22/07/2021
20073499|CTN|18998866610435|12|22/07/2021
20073671|CTN|18991688890818|24|22/07/2021
20073805|CTN|18998866610428|6|22/07/2021
20073997|CTN|18888166609706|6|22/07/2021
20073998|CTN|18888166610023|6|22/07/2021
20074000|CTN|8993175540421|6|22/07/2021
20074001|CTN|8993175540292|6|22/07/2021
20074112|CTN|10089686043270|40|22/07/2021
20074113|CTN|10089686043294|40|22/07/2021
20074226|CTN|14902430453025|8|22/07/2021
20074232|CTN|8997030680222|12|22/07/2021
20074237|CTN|18993007005965|24|22/07/2021
20074721|CTN|78992772190250|24|22/07/2021
20074977|CTN|18998866201565|40|22/07/2021
20074978|CTN|18998866200827|12|22/07/2021
20075362|CTN|1899356000056|12|22/07/2021
20075570|CTN|8992775709078|24|22/07/2021
20075570|CTN|8992775709139|24|22/07/2021
20075616|BOX|8991906158389|10|07/09/2021
20075616|CTN||200|22/07/2021
20075631|BOX|8991906151410|10|07/09/2021
20075631|CTN||0|22/07/2021
20075632|BOX|8991906158891|10|07/09/2021
20075632|CTN||0|22/07/2021
20075894|CTN|8992761164812|12|22/07/2021
20075895|CTN|8992761164829|12|22/07/2021
20076052|CTN|18996001600389|6|22/07/2021
20076134|CTN|18997032823228|0|07/09/2021
20076486|CTN|18850389111366|24|22/07/2021
20076623|CTN|18993379262676|12|22/07/2021
20076626|CTN|8992826116152|12|22/07/2021
20076770|CTN|18991002121086|24|22/07/2021
20076896|BOX|8999909000728|10|07/09/2021
20076896|CTN||0|22/07/2021
20077310|CTN|8999999115852|12|22/07/2021
20077311|CTN|8999999115845|12|22/07/2021
20077466|BOX|8998989852029|10|07/09/2021
20077466|CTN||0|22/07/2021
20077499|CTN|18999510785462|24|22/07/2021
20077501|CTN|18992753700308|12|22/07/2021
20077509|CTN|8994096219441|24|22/07/2021
20077573|CTN|18997212800018|24|22/07/2021
20078206|CTN|8994171102316|12|22/07/2021
20078367|CTN|18993496110164|24|22/07/2021
20078598|CTN|8801073122918|40|22/07/2021
20078830|CTN|18992718853612|12|22/07/2021
20079011|CTN|14902430693377|8|22/07/2021
20079016|CTN|18994985000058|24|22/07/2021
20079358|CTN|78892772190243|24|22/07/2021
20079512|BOX|8999909000674|10|07/09/2021
20079512|CTN||0|22/07/2021
20079788|CTN|89927457302556|12|22/07/2021
20079820|BOX|8995078800084|10|07/09/2021
20079820|CTN||800|22/07/2021
20079879|CTN|18997011069159|32|22/07/2021
20080088|CTN|18994985000003|24|22/07/2021
20080088|CTN|1899498500003|24|22/07/2021
20080360|CTN|14902430622063|8|22/07/2021
20080361|CTN|14902430622087|8|22/07/2021
20080878|CTN|1899498500034|24|22/07/2021
20081249|CTN|18992752091308|24|22/07/2021
20081448|CTN|18998866808313|12|22/07/2021
20081449|CTN|18998866808269|12|22/07/2021
20082246|CTN|8992802078047|36|22/07/2021
20082247|CTN|8992802037242|36|22/07/2021
20082349|CTN|08999999124373|12|22/07/2021
20082393|CTN|18992753700506|36|22/07/2021
20082396|CTN|08999999124328|12|22/07/2021
20082400|CTN|1899498500010|24|22/07/2021
20082580|CTN|18999908678000|12|22/07/2021
20083014|CTN|18997009781193|24|22/07/2021
20083490|CTN||800|22/07/2021
20083490|BOX|8999909000780|10|07/09/2021
20083774|CTN|18994985000096|24|22/07/2021
20083775|CTN|38992772580275|24|22/07/2021
20083789|CTN|10089686044116|40|22/07/2021
20083790|CTN|10089686044130|40|22/07/2021
20083795|CTN|18992753861368|6|22/07/2021
20083931|CTN|8992696430297|9|22/07/2021
20083931|CTN|08992696523111|9|22/07/2021
20084162|CTN||200|22/07/2021
20084162|BOX|8998989400268|10|07/09/2021
20084444|CTN|18998866201664|24|22/07/2021
20084481|CTN|10089686067009|12|22/07/2021
20084780|CTN|18998866611111|24|22/07/2021
20084820|BOX|8991926151032|5|07/09/2021
20084820|BOX|8991926151070|5|07/09/2021
20084820|CTN||0|22/07/2021
20084821|BOX|8991926151049|5|07/09/2021
20084821|BOX|8991926151087|5|07/09/2021
20084821|CTN||0|22/07/2021
20084875|CTN|18998866107065|24|22/07/2021
20084959|CTN|8992775000496|6|22/07/2021
20085010|CTN|648436331147|24|22/07/2021
20085013|CTN|18991688890801|24|22/07/2021
20085054|CTN|18997218380071|24|22/07/2021
20085113|CTN|08999999123840|12|22/07/2021
20085113|CTN|08999999137908|12|22/07/2021
20085115|CTN|10089686043201|40|22/07/2021
20085461|CTN|10089686011491|40|22/07/2021
20085462|CTN|10089686043416|40|22/07/2021
20085760|CTN|18997032823389|500|07/09/2021
20085797|CTN|08992696424500|36|22/07/2021
20085982|CTN|14902430706749|6|22/07/2021
20085984|CTN|14902430731871|6|22/07/2021
20085985|CTN|14902430731512|6|22/07/2021
20085986|CTN|14902430731598|6|22/07/2021
20085987|CTN|18998866611159|12|22/07/2021
20085988|CTN|18996001600396|12|22/07/2021
20086072|CTN|08999999126087|12|22/07/2021
20086072|CTN|08999999177300|12|22/07/2021
20086072|CTN|08999999166977|12|22/07/2021
20086172|CTN|08999999127152|12|22/07/2021
20086172|CTN|08999999187170|12|22/07/2021
20086173|CTN|08999999127169|24|22/07/2021
20086174|CTN|10089686048046|24|22/07/2021
20086204|CTN|8992775709115|12|22/07/2021
20086205|CTN|8992775709092|12|22/07/2021
20086251|CTN|18992753700605|36|22/07/2021
20087003|CTN|08999999177287|12|22/07/2021
20087003|CTN|08999999166953|12|22/07/2021
20087003|CTN|8999999128043|12|22/07/2021
20087004|CTN|08999999177294|12|22/07/2021
20087004|CTN|08999999166960|12|22/07/2021
20087004|CTN|8999999128050|12|22/07/2021
20087007|CTN|08999999184841|18|22/07/2021
20087007|CTN|8999999113292|18|22/07/2021
20087016|CTN|18998009040211|24|22/07/2021
20087027|CTN|08999999184858|18|22/07/2021
20087027|CTN|8999999124700|18|22/07/2021
20087140|CTN|18998866808214|6|22/07/2021
20087155|CTN|10089686060000|24|22/07/2021
20087410|CTN|8993351174020|40|22/07/2021
20087411|CTN|8993351174129|40|22/07/2021
20087412|CTN|8993351174228|40|22/07/2021
20087413|CTN|8993351174006|24|22/07/2021
20087414|CTN|8993351174105|24|22/07/2021
20087464|CTN|8994096221123|12|22/07/2021
20087542|CTN|18998866201909|24|22/07/2021
20087581|CTN|18997203820018|12|22/07/2021
20087582|CTN|8992761152191|24|22/07/2021
20087583|CTN|8992761152185|24|22/07/2021
20087658|CTN|18999168213126|600|07/09/2021
20087660|CTN|08999999167011|12|22/07/2021
20087660|CTN|08999999177317|12|22/07/2021
20087660|CTN|08999999127947|12|22/07/2021
20087713|CTN|8994096219540|12|22/07/2021
20087862|CTN|8994096222601|24|22/07/2021
20088385|CTN|08999999126155|12|22/07/2021
20088386|CTN|18992718853759|30|22/07/2021
20088711|CTN|18996001301392|6|22/07/2021
20088789|CTN|18993007006344|40|22/07/2021
20088800|CTN|18993007006382|30|22/07/2021
20088875|CTN|18992753700902|36|22/07/2021
20088964|CTN|010899800977038|24|22/07/2021
20089486|CTN|8994096222472|12|22/07/2021
20089542|CTN|8994096222564|12|22/07/2021
20089665|CTN|8994096222496|24|22/07/2021
20089792|CTN|18991002125008|12|22/07/2021
20089794|CTN|8852018142058|30|22/07/2021
20089794|CTN|8852018142027|30|22/07/2021
20089805|CTN|18801097128078|30|22/07/2021
20089806|CTN|18801097122076|30|22/07/2021
20089821|CTN|18997035601229|24|22/07/2021
20089821|CTN|18997035601236|24|22/07/2021
20089825|CTN|18993007006412|30|22/07/2021
20089826|CTN|14901301507539|12|22/07/2021
20089827|CTN|18992727006283|12|22/07/2021
20090066|CTN|08999999130695|12|22/07/2021
20090067|CTN|08999999187187|12|22/07/2021
20090067|CTN|08999999132569|12|22/07/2021
20090189|CTN|010899800977042|24|22/07/2021
20090325|CTN|10089686040002|20|22/07/2021
20090327|CTN|18993007006399|24|22/07/2021
20090328|CTN|18993007006405|24|22/07/2021
20090329|CTN|8992775001080|24|22/07/2021
20090425|CTN|8994096220829|12|22/07/2021
20090506|CTN|08999999130596|12|22/07/2021
20090527|CTN|8991102026369|24|22/07/2021
20090527|CTN|8991102027489|24|22/07/2021
20090528|CTN|08999999131616|12|22/07/2021
20090530|CTN|8991102679008|24|22/07/2021
20090852|CTN|08999999130465|12|22/07/2021
20090903|CTN|8994096219595|12|22/07/2021
20090904|CTN|8801073123748|40|22/07/2021
20090914|CTN|18992718853766|30|22/07/2021
20090915|CTN|18992718853773|30|22/07/2021
20090916|BOX|8991906151427|10|07/09/2021
20090916|CTN||100|22/07/2021
20090961|CTN|18998866201923|40|22/07/2021
20090969|CTN|8994096219564|12|22/07/2021
20091183|CTN|18992753861375|6|22/07/2021
20091304|CTN|10089686060109|12|22/07/2021
20091352|CTN|18998866610244|6|22/07/2021
20091399|CTN|7499221172321|24|22/07/2021
20091457|CTN|18998866808368|12|22/07/2021
20091544|CTN|8997220410127|24|22/07/2021
20091545|CTN|8997220410134|24|22/07/2021
20091654|CTN|10089686827726|12|22/07/2021
20091715|CTN|8999999129101|12|22/07/2021
20091715|CTN|08999999137892|12|22/07/2021
20091870|CTN|18998866808856|6|22/07/2021
20092072|CTN||0|22/07/2021
20092072|BOX|8998989400282|10|07/09/2021
20092197|CTN||100|22/07/2021
20092197|BOX|8991907151037|10|07/09/2021
20092331|CTN|18998866611715|12|22/07/2021
20092531|CTN|10089686018100|24|22/07/2021
20092556|CTN|18997004301709|12|22/07/2021
20092721|CTN|08999999134914|12|22/07/2021
20092888|CTN|18992946532297|30|22/07/2021
20093061|CTN|9556156052918|24|22/07/2021
20093062|CTN|9556156052932|24|22/07/2021
20093096|CTN|18992752122606|12|22/07/2021
20093097|CTN|18992752122705|12|22/07/2021
20093098|CTN|18992752122804|12|22/07/2021
20093134|CTN|18998899995561|12|22/07/2021
20093170|CTN|08999999123437|12|22/07/2021
20093173|CTN|18998866612170|12|22/07/2021
20093186|CTN|08999999122003|24|22/07/2021
20093188|CTN|08999999129095|12|22/07/2021
20093188|CTN|08999999137861|12|22/07/2021
20093188|CTN|08999999173395|12|22/07/2021
20093189|CTN|08999999131630|24|22/07/2021
20093193|CTN|18998866612255|12|22/07/2021
20093196|CTN|8992802080156|36|22/07/2021
20093197|CTN|8992802080125|36|22/07/2021
20093221|CTN|10089686043430|40|22/07/2021
20093330|CTN|0648436121182|16|22/07/2021
20093331|CTN|0648436120581|16|22/07/2021
20093521|CTN|08999999123857|6|22/07/2021
20093586|CTN|18997218380125|24|22/07/2021
20093627|CTN|18998866612217|6|22/07/2021
20093919|CTN|8994096223011|12|22/07/2021
20093920|CTN|14902430823378|12|22/07/2021
20093993|CTN|8992761003050|12|22/07/2021
20094164|CTN|18992752112010|12|22/07/2021
20094165|CTN|18992752112218|12|22/07/2021
20094166|CTN|18992752112317|12|22/07/2021
20094167|CTN|18992752112515|12|22/07/2021
20094206|CTN|18996001350864|6|22/07/2021
20094209|CTN|08999999137243|48|22/07/2021
20094265|BOX|8999909001220|10|07/09/2021
20094265|CTN||0|22/07/2021
20094325|CTN|08999999121990|24|22/07/2021
20094326|CTN|08999999125226|24|22/07/2021
20094642|CTN|18996001520168|20|22/07/2021
20094644|CTN|18996001523145|20|22/07/2021
20094646|BOX|8999909001022|10|07/09/2021
20094646|CTN||500|22/07/2021
20094693|CTN|18998866202319|12|22/07/2021
20094733|CTN|14902430844762|12|22/07/2021
20094735|CTN|14902430845196|12|22/07/2021
20094960|CTN|18998866601860|24|22/07/2021
20094961|CTN|08999999136796|24|22/07/2021
20095217|BOX|8999909001640|10|07/09/2021
20095217|CTN||0|22/07/2021
20095218|BOX|8999909001688|10|07/09/2021
20095218|CTN||0|22/07/2021
20095517|CTN|18992753721204|24|22/07/2021
20095518|CTN|18998866602713|24|22/07/2021
20095518|CTN|18998866601839|24|22/07/2021
20095741|CTN|09556001260246|24|22/07/2021
20095742|CTN|8991102714525|12|22/07/2021
20095742|CTN|8991102714532|12|22/07/2021
20095747|CTN|18998866201824|24|22/07/2021
20096056|CTN|18992718853803|12|22/07/2021
20096057|CTN|18992718853810|12|22/07/2021
20096093|CTN|8992761152239|24|22/07/2021
20096094|CTN|8992761152222|24|22/07/2021
20096499|CTN|8801073123977|40|22/07/2021
20096500|CTN|8801073222595|16|22/07/2021
20096502|BOX|8997217370205|10|07/09/2021
20096502|CTN||500|22/07/2021
20096555|CTN|14902430870983|8|22/07/2021
20096573|CTN|18992753721211|24|22/07/2021
20096589|CTN|18998866202111|8|22/07/2021
20096590|CTN|18998866202135|8|22/07/2021
20096593|CTN|10089686043447|20|22/07/2021
20096676|CTN|18998866611722|24|22/07/2021
20096705|CTN|18992752091377|12|22/07/2021
20096781|CTN|18998866202340|40|22/07/2021
20096782|CTN|18998866202234|12|22/07/2021
20096810|BOX|8999909001701|10|07/09/2021
20096810|CTN||100|22/07/2021
20096820|CTN|18992753721129|36|22/07/2021
20096965|CTN|08999999089924|40|22/07/2021
20096966|CTN|08999999090166|40|22/07/2021
20096970|CTN|08999999141417|24|22/07/2021
20097484|CTN|8992761148003|12|22/07/2021
20097485|BOX|8993989331680|10|07/09/2021
20097485|CTN||100|22/07/2021
20097489|CTN|8992761164867|12|22/07/2021
20097490|CTN|8992761164874|12|22/07/2021
20097739|CTN|8994096224056|12|22/07/2021
20098180|CTN|08999999139841|12|22/07/2021
20098312|CTN|18998866612361|12|22/07/2021
20098410|CTN|18992727006917|12|22/07/2021
20098411|CTN|08999999148416|24|22/07/2021
20098412|CTN|08999999148409|24|22/07/2021
20098427|CTN|8999999134372|12|22/07/2021
20098598|CTN|8992761129637|12|22/07/2021
20098599|CTN|8992761167820|12|22/07/2021
20098714|CTN|18998866108321|24|22/07/2021
20098816|CTN|18998866612514|12|22/07/2021
20098941|CTN|18991002125015|12|22/07/2021
20099087|CTN|8994096223233|15|22/07/2021
20099297|CTN|18998866202401|12|22/07/2021
20099413|CTN|18998866611609|4|22/07/2021
20099414|CTN|18998866610091|6|22/07/2021
20099415|CTN|18998866612163|6|22/07/2021
20099417|CTN|18998866808108|6|22/07/2021
20099420|CTN|18998866808115|6|22/07/2021
20099421|CTN|18998866805497|6|22/07/2021
20099422|CTN|18998866105160|12|22/07/2021
20099423|CTN|18998866105177|12|22/07/2021
20099424|CTN|18998866107911|12|22/07/2021
20099425|CTN|18998866106099|6|22/07/2021
20099426|CTN|1899886611197|4|22/07/2021
20099426|CTN|18998866611197|4|22/07/2021
20099558|CTN|18993007006528|40|22/07/2021
20099579|CTN|18998866609897|18|22/07/2021
20099580|CTN|18998866609880|18|22/07/2021
20099678|CTN|18997222130129|20|22/07/2021
20099679|CTN|18997222130105|20|22/07/2021
20099680|CTN|10089686045007|20|22/07/2021
20099681|CTN|10089686045090|20|22/07/2021
20099812|CTN|08999999152734|6|22/07/2021
20099813|CTN|8994096223530|12|22/07/2021
20100025|CTN|18996001600648|24|22/07/2021
20100025|CTN|28996001600645|24|22/07/2021
20100026|CTN|18996001600617|24|22/07/2021
20100026|CTN|28996001600614|24|22/07/2021
20100138|BOX|8991926151056|5|07/09/2021
20100138|BOX|8991926151094|5|07/09/2021
20100138|CTN||0|22/07/2021
20100139|BOX|8991926151063|5|07/09/2021
20100139|CTN||0|22/07/2021
20100139|BOX|8991926151100|5|07/09/2021
20100142|CTN|18998009040198|24|22/07/2021
20100143|CTN|18998009040204|24|22/07/2021
20100250|CTN|18997222130112|20|22/07/2021
20101087|CTN|18992753721327|12|22/07/2021
20101088|CTN|18992753721303|12|22/07/2021
20101095|CTN|18998866809877|12|22/07/2021
20101102|CTN|18997218380132|24|22/07/2021
20101104|CTN|08992696522268|24|22/07/2021
20101105|CTN|08992696522244|24|22/07/2021
20101106|CTN|08992696522220|24|22/07/2021
20101198|CTN|18998866612521|6|22/07/2021
20101253|CTN|8992775709153|12|22/07/2021
20101381|CTN|18850389115692|24|22/07/2021
20101559|CTN|38992772480292|24|22/07/2021
20101647|CTN|08999999157128|24|22/07/2021
20101648|CTN|08999999157135|24|22/07/2021
20101747|CTN|10089686043492|40|22/07/2021
20101797|CTN||200|22/07/2021
20101797|BOX|8991912151046|10|07/09/2021
20101861|CTN|18998866613269|24|22/07/2021
20101897|CTN|18994985000218|24|22/07/2021
20102121|CTN|8992761003067|12|22/07/2021
20102122|CTN|8992761137298|12|22/07/2021
20102167|BOX|8994214995561|10|07/09/2021
20102167|CTN||100|22/07/2021
20102239|CTN|8992761164751|12|22/07/2021
20102240|CTN|8992761164881|12|22/07/2021
20102365|CTN|18996001520403|20|22/07/2021
20102366|CTN|18996001520410|20|22/07/2021
20102700|CTN|18992752112003|12|22/07/2021
20102701|CTN|14902430928776|8|22/07/2021
20102702|CTN|08999999151799|12|22/07/2021
20102703|CTN|08999999153441|24|22/07/2021
20102704|CTN|08999999150129|12|22/07/2021
20102705|CTN|18992727006856|24|22/07/2021
20102706|CTN|18992727006863|24|22/07/2021
20102725|CTN|08999999159115|24|22/07/2021
20102789|CTN|18991002122007|24|22/07/2021
20102790|CTN|18991002122014|24|22/07/2021
20102796|CTN|58992628610150|12|22/07/2021
20102836|CTN|8992775712771|12|22/07/2021
20102838|CTN|18888166989747|6|22/07/2021
20102858|CTN|18998866202616|40|22/07/2021
20103178|CTN|18999908808803|24|22/07/2021
20103265|CTN|08992696521636|36|22/07/2021
20103368|CTN|18999908426601|24|22/07/2021
20103440|CTN|18992388134745|12|22/07/2021
20103442|CTN|18992388134738|40|22/07/2021
20103591|CTN|20089686010941|8|22/07/2021
20103592|CTN|30089686010016|8|22/07/2021
20103606|CTN|18809660340001|30|22/07/2021
20103679|CTN|8995899290217|24|22/07/2021
20103948|CTN|8991102714600|12|22/07/2021
20103951|CTN|0749921110039|72|22/07/2021
20103952|CTN|0749921110909|72|22/07/2021
20104003|CTN|08999999152604|6|22/07/2021
20104030|CTN|18998866613757|12|22/07/2021
20104155|CTN|18992718853872|30|22/07/2021
20104278|CTN|18998866202678|12|22/07/2021
20104283|CTN|18993560000193|12|22/07/2021
20104546|CTN|18998866613641|12|22/07/2021
20104950|CTN|08999999159399|12|22/07/2021
20104950|CTN|08999999173388|12|22/07/2021
20104951|CTN|18998866614129|12|22/07/2021
20105063|CTN|38992772120099|20|22/07/2021
20105063|CTN|38992772120105|20|22/07/2021
20105095|CTN||200|22/07/2021
20105095|BOX|8991906151526|10|07/09/2021
20105101|CTN|6920238090632|8|22/07/2021
20105232|CTN|18992779248504|12|22/07/2021
20105233|CTN|18992779248603|12|22/07/2021
20105234|CTN|18992779259807|12|22/07/2021
20105339|CTN|14902430340769|8|22/07/2021
20105342|CTN|18992779235504|12|22/07/2021
20105344|BOX|8999909002838|10|07/09/2021
20105344|CTN||600|22/07/2021
20105358|CTN|18992779212109|12|22/07/2021
20105655|CTN|18992752011436|24|22/07/2021
20105915|CTN|10089686043584|8|22/07/2021
20105964|CTN|08999999159429|12|22/07/2021
20106146|CTN|17622210694598|8|22/07/2021
20106178|CTN|18997232850024|12|22/07/2021
20106190|BOX|8997217370328|10|07/09/2021
20106190|CTN||0|22/07/2021
20106266|CTN|8997225200358|24|22/07/2021
20106821|CTN|08999999159672|12|22/07/2021
20106821|CTN|08999999166717|12|22/07/2021
20106845|BOX|8999909003064|10|07/09/2021
20106845|CTN||0|22/07/2021
20107180|BOX|8997018460358|10|07/09/2021
20107180|CTN||0|22/07/2021
20107181|BOX|8997018460297|10|07/09/2021
20107181|CTN||0|22/07/2021
20107184|BOX|8997018460327|10|07/09/2021
20107184|CTN||0|22/07/2021
20107189|BOX|8999909003361|10|23/07/2021
20107189|CTN||0|22/07/2021
20107240|CTN|18998866615317|12|22/07/2021
20107539|CTN|18809660340049|30|22/07/2021
20107540|CTN|18809660340032|30|22/07/2021
20107569|CTN|18997009070976|12|22/07/2021
20107570|CTN|18997009070983|12|22/07/2021
20107571|CTN|18997009070990|12|22/07/2021
20107653|CTN|08001200049402|24|22/07/2021
20107654|CTN|08001200044278|24|22/07/2021
20107723|CTN|18993496110454|4|22/07/2021
20107723|CTN|18993496110997|4|22/07/2021
20107789|BOX|8998989400305|10|23/07/2021
20107789|CTN|18998989600306|800|22/07/2021
20107794|BOX|8999909000698|10|07/09/2021
20107794|CTN||0|22/07/2021
20107796|BOX|8999909000995|10|23/07/2021
20107796|CTN||0|22/07/2021
20107857|CTN|08999999163136|12|22/07/2021
20108150|CTN|9556007962601|12|22/07/2021
20108151|CTN|9556007962625|12|22/07/2021
20108153|CTN|8423352860177|6|22/07/2021
20108156|CTN|8423352860153|6|22/07/2021
20108160|CTN|9556007961987|12|22/07/2021
20108162|CTN|9556007962366|12|22/07/2021
20108190|CTN|8423352860146|6|22/07/2021
20108196|CTN|18998866202777|40|22/07/2021
20108418|CTN|18998866613658|12|22/07/2021
20108810|CTN|10089686060130|12|22/07/2021
20108810|CTN|100896860601|12|22/07/2021
20109019|CTN|18994985000102|24|22/07/2021
20109046|CTN|60809939073657|30|22/07/2021
20109053|CTN|8850096841535|24|22/07/2021
20109055|CTN|8850096841504|24|22/07/2021
20109056|CTN|8850096841528|24|22/07/2021
20109092|CTN|18934868151170|24|22/07/2021
20109120|CTN|68801056317241|72|22/07/2021
20109212|CTN|8997009780816|12|22/07/2021
20109213|CTN|8997009780830|12|22/07/2021
20109404|CTN|18993351179803|12|22/07/2021
20109405|CTN|8850096811538|12|22/07/2021
20109406|CTN|8850096811507|12|22/07/2021
20109454|CTN|18998866614112|6|22/07/2021
20109554|CTN|18992727007723|12|22/07/2021
20109597|BOX|8999909003897|10|23/07/2021
20109597|CTN||0|22/07/2021
20109598|BOX|8999909003941|10|07/09/2021
20109598|CTN||0|22/07/2021
20109703|CTN|18999898968839|12|22/07/2021
20109969|CTN|18996001600600|24|22/07/2021
20110035|CTN|10769828221604|24|22/07/2021
20110036|CTN|18801104940037|24|22/07/2021
20110037|CTN|18801104940150|24|22/07/2021
20110038|CTN|18801104663486|24|22/07/2021
20110053|CTN|18802783200573|20|22/07/2021
20110219|CTN|00034000318001|12|22/07/2021
20110269|CTN|9008700161756|12|22/07/2021
20110270|CTN|9008700169974|12|22/07/2021
20110271|CTN|9008700161886|12|22/07/2021
20110330|BOX|8991906151458|10|07/09/2021
20110330|CTN||0|22/07/2021
20110645|CTN|8991102714655|24|22/07/2021
20110646|CTN|8991102714693|24|22/07/2021
20110647|CTN|8991102714730|24|22/07/2021
20110722|CTN|10041736010496|12|22/07/2021
20110723|CTN|08002210123175|6|22/07/2021
20111164|CTN|00034000318407|12|22/07/2021
20111570|CTN|8992761137304|12|22/07/2021
20111581|CTN|8992761137311|12|22/07/2021
20111643|CTN|18998899995578|6|22/07/2021
20112261|CTN|10089686043614|40|22/07/2021
20112341|CTN|8992802080231|36|22/07/2021
20112359|CTN|8992696523517|18|22/07/2021
20112359|CTN|8992696523784|18|22/07/2021
20112360|CTN|8992696523616|12|22/07/2021
20112382|CTN|18997231070263|60|22/07/2021
20112382|CTN|18997231070386|60|22/07/2021
20112383|CTN|18997231070249|60|22/07/2021
20112383|CTN|18997231070393|60|22/07/2021
20112448|CTN|8992761164959|24|22/07/2021
20112491|CTN|08999999167707|6|22/07/2021
20112492|CTN|08999999167264|12|22/07/2021
20112617|BOX|8999909003927|10|07/09/2021
20112617|CTN||0|22/07/2021
20112659|CTN|10089686827283|12|22/07/2021
20112735|CTN|8992775712795|12|22/07/2021
20112736|CTN|8992775406236|12|22/07/2021
20112746|CTN|18993007006559|8|22/07/2021
20112794|CTN|18993007006542|8|22/07/2021
20112822|CTN|18996001520120|20|22/07/2021
20112823|CTN|18996001520144|20|22/07/2021
20112824|CTN|18996001523350|20|22/07/2021
20112835|CTN|18998866618301|12|22/07/2021
20112912|CTN|10089686044246|20|22/07/2021
20112958|CTN|10089686049050|24|22/07/2021
20112959|CTN|18992727008003|12|22/07/2021
20112960|CTN|18992727007983|12|22/07/2021
20112962|CTN|18992856902937|12|22/07/2021
20113002|CTN|08999999159627|12|22/07/2021
20113003|CTN|08999999166564|12|22/07/2021
20113056|BOX|8991906151533|10|07/09/2021
20113059|CTN|18992388135094|24|22/07/2021
20113062|CTN|18994985000133|24|22/07/2021
20113135|CTN|68992772660299|24|22/07/2021
20113140|CTN|61000001000003|6|22/07/2021
20113140|CTN|61000001000004|6|22/07/2021
20113140|CTN|610000010005000|6|22/07/2021
20113140|CTN|610000010003000|6|22/07/2021
20113295|CTN|18996001520342|20|22/07/2021
20113317|CTN|16484361223253|24|22/07/2021
20113319|CTN|16484361223499|24|22/07/2021
20113450|CTN|18997218380156|24|22/07/2021
20113555|BOX|8999909004160|10|07/09/2021
20113555|CTN||0|22/07/2021
