PLU|DC|WILAYAH|FLAGPROD|MINOR|TIPE_GDG
10000019|G097|MDO|TBO=N|2|
10000020|G097|MDO||3|
10000021|G097|MDO|TBO=N|8|
10000022|G097|MDO||1|
10000052|G097|MDO||1|
10000053|G097|MDO|TBO=Y|24|
10000060|G097|MDO||2|
10000069|G097|MDO|TBO=Y|2|
10000070|G097|MDO|TBO=Y|2|
10000073|G097|MDO|TBO=Y|4|
10000077|G097|MDO||2|
10000088|G097|MDO||2|
10000090|G097|MDO|TBO=N|1|
10000097|G097|MDO||1|
10000098|G097|MDO||1|
10000101|G097|MDO||1|
10000102|G097|MDO||1|
10000103|G097|MDO||2|
10000104|G097|MDO|TBO=N|6|
10000107|G097|MDO||24|
10000111|G097|MDO||1|
10000116|G097|MDO||1|
10000117|G097|MDO||1|
10000120|G097|MDO||1|
10000126|G097|MDO||1|
10000127|G097|MDO|TBO=N|1|
10000128|G097|MDO|TBO=N|4|
10000129|G097|MDO||1|
10000132|G097|MDO||1|
10000133|G097|MDO||1|
10000135|G097|MDO||1|
10000142|G097|MDO||1|
10000143|G097|MDO||2|
10000144|G097|MDO|TBO=Y|1|
10000146|G097|MDO||4|
10000149|G097|MDO|TBO=Y|1|
10000154|G097|MDO|TBO=Y|2|
10000155|G097|MDO|TBO=Y|2|
10000159|G097|MDO||1|
10000172|G097|MDO||6|
10000175|G097|MDO||2|
10000176|G097|MDO|TBO=N|48|
10000177|G097|MDO|TBO=N|24|
10000178|G097|MDO||12|
10000181|G097|MDO||8|
10000184|G097|MDO|TBO=Y|40|
10000185|G097|MDO|TBO=N|40|
10000188|G097|MDO||1|
10000189|G097|MDO|TBO=N|2|
10000193|G097|MDO||0|
10000197|G097|MDO|TBO=N|5|
10000204|G097|MDO|TBO=Y|1|
10000206|G097|MDO|TBO=N|2|
10000208|G097|MDO||1|
10000210|G097|MDO|TBO=N|2|
10000212|G097|MDO||2|
10000213|G097|MDO|TBO=N|12|
10000234|G097|MDO|TBO=N|1|
10000245|G097|MDO|TBO=Y|1|
10000255|G097|MDO||1|
10000278|G097|MDO|TBO=N|24|
10000279|G097|MDO|TBO=N|1|
10000280|G097|MDO||1|
10000289|G097|MDO|TBO=Y|1|
10000304|G097|MDO||5|
10000305|G097|MDO|TBO=N|1|
10000310|G097|MDO|TBO=N|30|
10000312|G097|MDO|TBO=N|1|
10000313|G097|MDO|TBO=N|1|
10000318|G097|MDO|TBO=N|2|
10000320|G097|MDO||1|
10000322|G097|MDO|TBO=N|6|
10000323|G097|MDO|TBO=N|1|
10000324|G097|MDO||1|
10000341|G097|MDO||1|
10000343|G097|MDO||2|
10000345|G097|MDO||1|
10000348|G097|MDO||1|
10000349|G097|MDO||1|C
10000352|G097|MDO|TBO=Y|1|
10000353|G097|MDO|TBO=Y|1|
10000354|G097|MDO|TBO=Y|1|
10000360|G097|MDO||1|
10000361|G097|MDO||1|
10000405|G097|MDO|TBO=N|12|
10000407|G097|MDO||15|
10000418|G097|MDO||2|
10000425|G097|MDO|TBO=N|2|
10000426|G097|MDO||12|
10000429|G097|MDO||1|
10000430|G097|MDO||2|
10000431|G097|MDO||1|
10000439|G097|MDO||2|
10000442|G097|MDO||12|
10000443|G097|MDO|TBO=N|24|
10000449|G097|MDO|TBO=Y|1|
10000450|G097|MDO||1|
10000451|G097|MDO|TBO=N|2|
10000452|G097|MDO|TBO=Y|1|
10000461|G097|MDO||2|
10000465|G097|MDO||1|
10000475|G097|MDO||1|
10000482|G097|MDO||1|
10000501|G097|MDO||1|
10000507|G097|MDO|TBO=Y|1|
10000508|G097|MDO||1|
10000509|G097|MDO||2|
10000522|G097|MDO|TBO=N|1|
10000525|G097|MDO||1|
10000527|G097|MDO||1|
10000534|G097|MDO||1|
10000542|G097|MDO||6|
10000543|G097|MDO||2|
10000545|G097|MDO||2|
10000548|G097|MDO|TBO=N|1|
10000549|G097|MDO||1|
10000550|G097|MDO||1|
10000552|G097|MDO|TBO=Y|1|
10000553|G097|MDO||1|
10000555|G097|MDO|TBO=Y|9|
10000562|G097|MDO|TBO=Y|2|
10000563|G097|MDO||1|
10000578|G097|MDO||1|
10000579|G097|MDO||1|
10000581|G097|MDO|TBO=Y|1|
10000583|G097|MDO||1|
10000584|G097|MDO|TBO=Y|1|
10000587|G097|MDO||1|
10000607|G097|MDO||2|
10000621|G097|MDO||1|
10000632|G097|MDO||1|C
10000634|G097|MDO||1|
10000637|G097|MDO|TBO=Y|4|
10000638|G097|MDO||1|
10000652|G097|MDO|TBO=N|40|
10000653|G097|MDO|TBO=Y|30|
10000656|G097|MDO||1|
10000657|G097|MDO|TBO=N|1|
10000658|G097|MDO||1|C
10000665|G097|MDO||1|
10000674|G097|MDO||1|
10000675|G097|MDO|TBO=Y|1|
10000679|G097|MDO||1|
10000680|G097|MDO|TBO=Y|1|
10000684|G097|MDO||1|
10000688|G097|MDO||12|
10000689|G097|MDO||12|
10000690|G097|MDO||12|
10000700|G097|MDO||1|
10000704|G097|MDO||1|
10000713|G097|MDO||40|
10000715|G097|MDO||1|
10000719|G097|MDO|TBO=N|1|
10000720|G097|MDO||1|
10000721|G097|MDO||1|
10000724|G097|MDO||2|
10000726|G097|MDO||2|
10000731|G097|MDO||1|
10000734|G097|MDO||1|
10000735|G097|MDO|TBO=Y|1|
10000739|G097|MDO||40|
10000752|G097|MDO||5|
10000753|G097|MDO||4|
10000757|G097|MDO||1|
10000760|G097|MDO||1|
10000763|G097|MDO||1|
10000771|G097|MDO||1|
10000772|G097|MDO||1|
10000798|G097|MDO||1|
10000801|G097|MDO||1|
10000817|G097|MDO||2|
10000859|G097|MDO||2|
10000860|G097|MDO|TBO=N|1|
10000861|G097|MDO|TBO=N|24|
10000955|G097|MDO|TBO=N|1|
10000975|G097|MDO|TBO=N|24|
10000988|G097|MDO||1|
10001014|G097|MDO||1|
10001017|G097|MDO||2|
10001093|G097|MDO||2|
10001094|G097|MDO|TBO=N|30|
10001132|G097|MDO||2|
10001200|G097|MDO||0|
10001291|G097|MDO||2|
10001354|G097|MDO||0|
10001365|G097|MDO||2|
10001414|G097|MDO||1|
10001469|G097|MDO||1|
10001515|G097|MDO||1|
10001516|G097|MDO||1|
10001518|G097|MDO||1|
10001527|G097|MDO||1|
10001636|G097|MDO||3|
10001712|G097|MDO||1|
10001782|G097|MDO||1|
10001826|G097|MDO||8|
10001881|G097|MDO||1|
10001934|G097|MDO||1|
10002047|G097|MDO|TBO=N|1|
10002101|G097|MDO|TBO=N|16|
10002141|G097|MDO||1|
10002246|G097|MDO|TBO=Y|2|
10002258|G097|MDO||1|
10002307|G097|MDO|TBO=N|2|
10002349|G097|MDO|TBO=Y|1|
10002350|G097|MDO||3|
10002532|G097|MDO|BAP=Y|1000|
10002560|G097|MDO|TBO=N|40|
10002564|G097|MDO||1|
10002565|G097|MDO||1|
10002595|G097|MDO|TBO=N|5|
10002602|G097|MDO||10|
10002619|G097|MDO|BAP=Y|1000|
10002676|G097|MDO||1|
10002753|G097|MDO||1|
10002765|G097|MDO||2|
10002766|G097|MDO||1|
10002767|G097|MDO||1|
10002768|G097|MDO||1|
10002788|G097|MDO||1|
10002789|G097|MDO||1|
10002825|G097|MDO||0|
10002835|G097|MDO||1|
10002862|G097|MDO||14|
10002893|G097|MDO||1|
10002894|G097|MDO||1|
10002898|G097|MDO|TBO=N|1|
10002915|G097|MDO||1|
10002941|G097|MDO||3|
10002944|G097|MDO||12|
10002962|G097|MDO||2|
10002965|G097|MDO||2|
10002971|G097|MDO|TBO=N|2|
10002978|G097|MDO||1|
10002983|G097|MDO||1|
10002988|G097|MDO||1|
10002989|G097|MDO||1|
10003018|G097|MDO||1|
10003037|G097|MDO||2|C
10003061|G097|MDO||1|
10003074|G097|MDO||1|
10003091|G097|MDO|TBO=N|1|
10003093|G097|MDO||0|
10003097|G097|MDO||3|
10003098|G097|MDO||1|
10003111|G097|MDO||1|
10003144|G097|MDO||2|
10003163|G097|MDO||1|
10003164|G097|MDO||1|
10003222|G097|MDO|BAP=Y|1000|
10003272|G097|MDO||1|
10003303|G097|MDO|TBO=N|2|
10003320|G097|MDO|BAP=Y|1|
10003321|G097|MDO|BAP=Y|1000|
10003324|G097|MDO||1|
10003325|G097|MDO||1|
10003333|G097|MDO||0|
10003334|G097|MDO||0|
10003336|G097|MDO||1|
10003337|G097|MDO||1|
10003340|G097|MDO||1|
10003359|G097|MDO||1|
10003362|G097|MDO||1|
10003369|G097|MDO||1|
10003372|G097|MDO||8|
10003373|G097|MDO||24|
10003374|G097|MDO|TBO=Y|40|
10003381|G097|MDO||1|
10003383|G097|MDO||1|
10003389|G097|MDO||24|
10003391|G097|MDO||2|
10003404|G097|MDO||2|
10003411|G097|MDO|TBO=Y|24|
10003412|G097|MDO|TBO=N|24|
10003413|G097|MDO||12|
10003414|G097|MDO|TBO=N|24|
10003419|G097|MDO||1|C
10003421|G097|MDO|TBO=Y|24|
10003422|G097|MDO||1|
10003424|G097|MDO||2|
10003426|G097|MDO||24|
10003427|G097|MDO||2|
10003434|G097|MDO||2|
10003435|G097|MDO||40|
10003441|G097|MDO||1|
10003453|G097|MDO||1|
10003457|G097|MDO|TBO=N|6|
10003469|G097|MDO|TBO=N|1|
10003470|G097|MDO||0|
10003476|G097|MDO||1|
10003478|G097|MDO|TBO=Y|1|
10003479|G097|MDO||2|
10003481|G097|MDO||1|
10003485|G097|MDO||10|
10003491|G097|MDO||1|
10003498|G097|MDO||1|
10003503|G097|MDO||2|
10003507|G097|MDO|TBO=Y|1|
10003511|G097|MDO||1|
10003514|G097|MDO|TBO=N|4|
10003517|G097|MDO|TBO=N|40|
10003519|G097|MDO||1|
10003520|G097|MDO||1|
10003530|G097|MDO||2|
10003550|G097|MDO||1|
10003569|G097|MDO|TBO=N|2|
10003580|G097|MDO||1|
10003616|G097|MDO|TBO=N|2|
10003627|G097|MDO||6|
10003645|G097|MDO||1|
10003646|G097|MDO||1|
10003650|G097|MDO|TBO=N|4|
10003653|G097|MDO||1|
10003682|G097|MDO|TBO=N|1|
10003683|G097|MDO|TBO=N|1|
10003696|G097|MDO||1|
10003697|G097|MDO||2|
10003706|G097|MDO||1|
10003707|G097|MDO||1|
10003722|G097|MDO||0|
10003730|G097|MDO||1|
10003752|G097|MDO|BAP=Y|1000|
10003795|G097|MDO|BAP=Y|20|
10003799|G097|MDO||1|
10003800|G097|MDO|TBO=N|24|
10003801|G097|MDO||24|
10003808|G097|MDO|TBO=N|1|
10003813|G097|MDO|TBO=N|12|
10003814|G097|MDO|TBO=N|24|
10003828|G097|MDO||1|
10003840|G097|MDO||2|
10003842|G097|MDO||2|
10003844|G097|MDO||2|
10003845|G097|MDO||1|
10003847|G097|MDO||1|
10003861|G097|MDO||1|
10003873|G097|MDO|TBO=N|3|
10003895|G097|MDO||1|
10003911|G097|MDO||5|
10003922|G097|MDO||1|
10003930|G097|MDO|TBO=Y|2|
10003931|G097|MDO||1|
10003933|G097|MDO||0|
10003939|G097|MDO||1|
10003941|G097|MDO||1|
10003942|G097|MDO||1|
10003953|G097|MDO|TBO=Y|1|
10003960|G097|MDO||1|
10003963|G097|MDO||0|
10003974|G097|MDO||12|
10003980|G097|MDO||5|
10003981|G097|MDO||1|
10003995|G097|MDO||1|
10003997|G097|MDO||1|
10003999|G097|MDO||1|
10004016|G097|MDO||1|
10004017|G097|MDO||2|
10004018|G097|MDO||1|
10004024|G097|MDO||2|
10004031|G097|MDO|BAP=Y|1000|
10004032|G097|MDO||1|
10004034|G097|MDO||2|
10004037|G097|MDO||1|
10004039|G097|MDO||1|
10004042|G097|MDO|BAP=Y|1000|
10004048|G097|MDO|TBO=N|8|
10004051|G097|MDO||3|
10004055|G097|MDO||1|
10004067|G097|MDO||3|
10004068|G097|MDO||3|
10004084|G097|MDO||1|
10004097|G097|MDO||0|
10004106|G097|MDO||1|
10004107|G097|MDO||1|
10004220|G097|MDO||1|
10004237|G097|MDO|TBO=N|6|
10004256|G097|MDO|TBO=N|1|
10004262|G097|MDO||2|
10004327|G097|MDO||24|
10004331|G097|MDO||1|
10004335|G097|MDO||48|
10004336|G097|MDO|TBO=N|24|
10004337|G097|MDO|TBO=N|12|
10004359|G097|MDO|TBO=N|2|
10004367|G097|MDO||1|
10004369|G097|MDO||1|
10004371|G097|MDO||1|
10004372|G097|MDO||1|
10004394|G097|MDO||2|
10004401|G097|MDO||1|
10004442|G097|MDO||3|
10004443|G097|MDO||2|
10004461|G097|MDO||0|
10004487|G097|MDO|TBO=N|48|
10004490|G097|MDO||1|
10004493|G097|MDO|BAP=Y|1|
10004501|G097|MDO||5|
10004502|G097|MDO||5|
10004503|G097|MDO||5|
10004509|G097|MDO|BAP=Y|0|
10004513|G097|MDO||1|
10004532|G097|MDO||1|
10004534|G097|MDO|TBO=Y|40|
10004540|G097|MDO||2|
10004541|G097|MDO||2|
10004553|G097|MDO||0|
10004583|G097|MDO|TBO=Y|1|
10004588|G097|MDO||1|
10004590|G097|MDO||1|
10004610|G097|MDO||1|
10004612|G097|MDO||1|
10004634|G097|MDO||10|
10004638|G097|MDO|TBO=N|13|
10004655|G097|MDO||1|
10004656|G097|MDO||1|
10004664|G097|MDO||1|
10004668|G097|MDO|TBO=N|8|
10004669|G097|MDO|TBO=N|24|
10004676|G097|MDO|TBO=N|4|
10004714|G097|MDO|TBO=N|9|
10004715|G097|MDO|TBO=N|48|
10004771|G097|MDO||1|
10004778|G097|MDO||1|
10004779|G097|MDO|TBO=N|40|
10004780|G097|MDO||2|
10004823|G097|MDO||1|
10004884|G097|MDO||2|
10004906|G097|MDO||30|
10004921|G097|MDO||0|
10004946|G097|MDO|TBO=Y|1|
10004949|G097|MDO|TBO=N|2|
10004950|G097|MDO||2|
10004977|G097|MDO|BAP=Y|6|
10004980|G097|MDO||1|
10004982|G097|MDO||10|
10005003|G097|MDO||0|
10005009|G097|MDO||1|
10005019|G097|MDO||0|
10005038|G097|MDO||40|
10005039|G097|MDO||40|
10005059|G097|MDO|TBO=N|1|
10005073|G097|MDO|TBO=N|6|
10005128|G097|MDO|TBO=N|24|
10005132|G097|MDO|TBO=Y|1|
10005133|G097|MDO||1|
10005166|G097|MDO||1|
10005171|G097|MDO||1|
10005198|G097|MDO||1|
10005233|G097|MDO||1|
10005241|G097|MDO||1|
10005245|G097|MDO||12|
10005246|G097|MDO||1|
10005279|G097|MDO|TBO=N|3|
10005302|G097|MDO||6|
10005309|G097|MDO||1|
10005310|G097|MDO||1|
10005314|G097|MDO||1|
10005315|G097|MDO|TBO=N|6|
10005338|G097|MDO|TBO=N|2|
10005355|G097|MDO||1|
10005359|G097|MDO||1|
10005378|G097|MDO|TBO=N|1|
10005427|G097|MDO||2|
10005428|G097|MDO||2|
10005434|G097|MDO||2|
10005441|G097|MDO||5|
10005442|G097|MDO|TBO=N|24|
10005455|G097|MDO||1|
10005468|G097|MDO|TBO=N|5|
10005473|G097|MDO||1|
10005475|G097|MDO||2|C
10005480|G097|MDO||2|
10005482|G097|MDO||12|
10005489|G097|MDO||2|
10005491|G097|MDO|TBO=N|1|
10005494|G097|MDO||1|
10005497|G097|MDO|TBO=Y|1|
10005583|G097|MDO||1|
10005587|G097|MDO||2|
10005599|G097|MDO|TBO=N|3|
10005600|G097|MDO|TBO=N|1|
10005601|G097|MDO|TBO=N|2|
10005643|G097|MDO||1|
10005660|G097|MDO||2|
10005662|G097|MDO|TBO=N|1|
10005680|G097|MDO||2|
10005701|G097|MDO||1|
10005744|G097|MDO||0|
10005746|G097|MDO||1|
10005760|G097|MDO|TBO=Y|1|C
10005761|G097|MDO|TBO=Y|1|
10005800|G097|MDO||1|
10005802|G097|MDO|TBO=N|1|
10005803|G097|MDO|TBO=N|1|
10005820|G097|MDO||2|
10005821|G097|MDO||1|
10005836|G097|MDO|TBO=N|2|
10005838|G097|MDO|TBO=N|12|
10005839|G097|MDO|TBO=Y|12|
10005875|G097|MDO||0|
10005878|G097|MDO||1|
10005904|G097|MDO||10|
10005909|G097|MDO||4|
10005918|G097|MDO||1|
10005922|G097|MDO||10|
10005957|G097|MDO|TBO=N|1|
10005974|G097|MDO|TBO=N|2|
10005980|G097|MDO||1|
10006069|G097|MDO||1|
10006118|G097|MDO||10|
10006119|G097|MDO||10|
10006126|G097|MDO||1|
10006128|G097|MDO|TBO=Y|36|
10006131|G097|MDO|TBO=Y|2|
10006139|G097|MDO||1000|
10006149|G097|MDO||1|
10006150|G097|MDO|BAP=Y,TBO=N|1|
10006151|G097|MDO|BAP=Y|1|
10006153|G097|MDO||0|
10006168|G097|MDO|TBO=N|1|
10006178|G097|MDO||2|
10006194|G097|MDO||1|
10006195|G097|MDO||1|
10006200|G097|MDO||1|
10006258|G097|MDO||1|
10006259|G097|MDO||1|
10006260|G097|MDO||2|
10006262|G097|MDO||1|
10006263|G097|MDO||10|
10006334|G097|MDO||1|
10006361|G097|MDO||1|
10006362|G097|MDO||1|
10006363|G097|MDO|TBO=Y|1|
10006412|G097|MDO||1|C
10006419|G097|MDO|TBO=N|1|
10006420|G097|MDO||1|
10006422|G097|MDO||0|
10006426|G097|MDO||1|
10006468|G097|MDO||1|
10006518|G097|MDO||1|C
10006534|G097|MDO|TBO=N|4|
10006539|G097|MDO||1|
10006540|G097|MDO||1|
10006543|G097|MDO||1|
10006544|G097|MDO||1|
10006565|G097|MDO||1|
10006651|G097|MDO||1|
10006671|G097|MDO||1|
10006672|G097|MDO||2|
10006712|G097|MDO||1|
10006782|G097|MDO||1|
10006830|G097|MDO||0|
10006844|G097|MDO||1|
10006861|G097|MDO||0|
10006876|G097|MDO||1|
10006885|G097|MDO|TBO=N|48|
10006890|G097|MDO|TBO=N|12|
10006894|G097|MDO||1|
10006895|G097|MDO||1|
10006908|G097|MDO||1|
10006909|G097|MDO||1|
10006913|G097|MDO||1|
10006938|G097|MDO|TBO=Y|1|
10006955|G097|MDO|TBO=N|3|
10006957|G097|MDO|TBO=N|1|
10006967|G097|MDO||2|
10007001|G097|MDO||1|
10007224|G097|MDO||1|C
10007241|G097|MDO||1|
10007258|G097|MDO|TBO=Y|4|
10007275|G097|MDO||1|
10007336|G097|MDO||1|
10007377|G097|MDO||1|
10007379|G097|MDO|TBO=N|2|
10007380|G097|MDO|TBO=N|24|
10007385|G097|MDO||1|
10007386|G097|MDO||1|
10007389|G097|MDO|TBO=N|2|
10007391|G097|MDO||0|
10007392|G097|MDO||1|
10007415|G097|MDO|TBO=N|4|
10007469|G097|MDO||1|
10007485|G097|MDO||1|
10007606|G097|MDO||40|
10007615|G097|MDO|BAP=Y|1000|
10007668|G097|MDO|BAP=Y|1000|
10007747|G097|MDO||0|
10007757|G097|MDO||1|
10007758|G097|MDO||1|
10007775|G097|MDO||2|
10007803|G097|MDO||1|
10007805|G097|MDO||1|
10007920|G097|MDO||1|
10007921|G097|MDO||1|
10007934|G097|MDO||1|
10007970|G097|MDO||24|
10007971|G097|MDO||2|
10007972|G097|MDO||4|
10007973|G097|MDO||4|
10007974|G097|MDO||4|
10007975|G097|MDO||6|
10008018|G097|MDO||1|
10008034|G097|MDO|BAP=Y|0|
10008035|G097|MDO|BAP=Y|0|
10008064|G097|MDO||1|
10008081|G097|MDO||2|
10008093|G097|MDO||1|
10008095|G097|MDO|TBO=N|4|
10008104|G097|MDO|TBO=N|1|
10008114|G097|MDO||1|
10008133|G097|MDO||1|
10008142|G097|MDO||0|P
10008143|G097|MDO||1|
10008170|G097|MDO||1|
10008178|G097|MDO||1|
10008241|G097|MDO|BAP=Y|1000|
10008243|G097|MDO||0|
10008251|G097|MDO|BAP=Y|1|
10008283|G097|MDO||1|
10008285|G097|MDO||0|
10008297|G097|MDO||1|
10008298|G097|MDO||1|
10008305|G097|MDO||0|
10008314|G097|MDO|TBO=N|1|
10008316|G097|MDO|TBO=N|2|
10008323|G097|MDO||1|
10008325|G097|MDO||0|
10008347|G097|MDO||0|
10008348|G097|MDO||1|
10008353|G097|MDO||0|
10008425|G097|MDO||1|
10008451|G097|MDO||20|
10008469|G097|MDO||12|
10008480|G097|MDO||1|
10008481|G097|MDO||1|
10008484|G097|MDO||1|
10008532|G097|MDO||0|
10008550|G097|MDO||4|
10008554|G097|MDO||1|
10008574|G097|MDO|BAP=Y|1000|
10008579|G097|MDO||20|
10008580|G097|MDO||2|
10008581|G097|MDO|TBO=N|2|
10008590|G097|MDO||1|
10008594|G097|MDO||0|
10008595|G097|MDO||0|
10008596|G097|MDO||0|
10008599|G097|MDO|TBO=Y|1|
10008611|G097|MDO||2|
10008620|G097|MDO||1|
10008646|G097|MDO||1|
10008651|G097|MDO||1|
10008652|G097|MDO|TBO=Y|1|
10008653|G097|MDO||1|
10008683|G097|MDO|TBO=N|1|
10008774|G097|MDO||1|
10008781|G097|MDO||1|
10008819|G097|MDO|TBO=N|2|
10008821|G097|MDO||0|
10008825|G097|MDO|TBO=N|40|
10008826|G097|MDO||4|
10008867|G097|MDO||1|
10008882|G097|MDO|TBO=N|20|
10008887|G097|MDO|TBO=N|24|
10008916|G097|MDO|BAP=Y|1|
10008953|G097|MDO||1|
10008989|G097|MDO||12|
10008992|G097|MDO||1|
10009006|G097|MDO||10|
10009007|G097|MDO||1|
10009014|G097|MDO||1|
10009036|G097|MDO|TBO=N|1|
10009039|G097|MDO||1|
10009149|G097|MDO||2|
10009160|G097|MDO||1|
10009171|G097|MDO||1|
10009231|G097|MDO||2|
10009288|G097|MDO|TBO=N|1|
10009291|G097|MDO||1|
10009296|G097|MDO||3|
10009297|G097|MDO|TBO=N|1|
10009387|G097|MDO||0|
10009493|G097|MDO|TBO=N|2|
10009494|G097|MDO||1|
10009495|G097|MDO||1|
10009496|G097|MDO|TBO=N|2|
10009643|G097|MDO|TBO=Y|1|
10009649|G097|MDO|TBO=Y|4|
10009742|G097|MDO||1|
10009753|G097|MDO||1|
10009996|G097|MDO||1|
10010074|G097|MDO|TBO=Y|10|
10010075|G097|MDO|TBO=N|10|
10010077|G097|MDO||10|
10010078|G097|MDO|TBO=N|20|
10010080|G097|MDO||10|
10010081|G097|MDO||10|
10010082|G097|MDO||10|
10010083|G097|MDO|TBO=Y|0|
10010084|G097|MDO||10|
10010088|G097|MDO|TBO=N|10|
10010090|G097|MDO|TBO=N|10|
10010091|G097|MDO|TBO=N|10|
10010094|G097|MDO||10|
10010100|G097|MDO||10|
10010102|G097|MDO||10|
10010105|G097|MDO|TBO=Y|10|
10010112|G097|MDO||10|
10010113|G097|MDO||10|
10010152|G097|MDO||2|C
10010168|G097|MDO||2|
10010189|G097|MDO||1|
10010192|G097|MDO||10|
10010220|G097|MDO|TBO=N|6|
10010232|G097|MDO||1|
10010246|G097|MDO||1|
10010255|G097|MDO||1|
10010256|G097|MDO||1|
10010349|G097|MDO||1|
10010350|G097|MDO||1|
10010351|G097|MDO||1|
10010357|G097|MDO||1|
10010413|G097|MDO||1|
10010423|G097|MDO||1|
10010448|G097|MDO||0|
10010480|G097|MDO||1|
10010509|G097|MDO|TBO=N|2|
10010596|G097|MDO||1|
10010683|G097|MDO|TBO=N|12|
10010714|G097|MDO||1|
10010741|G097|MDO|BAP=Y|1000|
10010749|G097|MDO||1|
10010804|G097|MDO|TBO=N|24|
10010805|G097|MDO|TBO=N|12|
10010825|G097|MDO||1|
10010841|G097|MDO||10|
10010874|G097|MDO|TBO=N|2|
10010933|G097|MDO|TBO=Y|1|
10010946|G097|MDO|TBO=Y|1|
10011020|G097|MDO||1|
10011021|G097|MDO||1|
10011038|G097|MDO||2|
10011076|G097|MDO||12|P
10011078|G097|MDO||12|P
10011186|G097|MDO||0|
10011235|G097|MDO||1|
10011262|G097|MDO|BAP=Y|1000|
10011311|G097|MDO||0|
10011327|G097|MDO|TBO=Y|1|
10011424|G097|MDO||1|
10011440|G097|MDO||1|
10011452|G097|MDO||2|
10011507|G097|MDO||1|
10011570|G097|MDO||0|
10011593|G097|MDO||1|
10011626|G097|MDO||0|
10011772|G097|MDO||1|
10011784|G097|MDO||1|C
10011801|G097|MDO||0|
10011802|G097|MDO||0|
10011819|G097|MDO||1|
10011850|G097|MDO|TBO=N|1|
10011852|G097|MDO||1|
10011867|G097|MDO||2|
10011976|G097|MDO||1|
10012104|G097|MDO||0|
10012172|G097|MDO||1|
10012198|G097|MDO||1|
10012263|G097|MDO||2|
10012304|G097|MDO|TBO=Y|12|P
10012338|G097|MDO|TBO=N|24|
10012386|G097|MDO||1|
10012397|G097|MDO||1|
10012548|G097|MDO||1|
10012597|G097|MDO||0|
10012669|G097|MDO|TBO=N|1|
10012742|G097|MDO|TBO=N|2|
10012752|G097|MDO||1|
10012753|G097|MDO||12|
10012757|G097|MDO||10|
10012827|G097|MDO||1|
10012828|G097|MDO||1|
10012840|G097|MDO||1|
10012917|G097|MDO||1|
10012967|G097|MDO|TBO=N|1|
10013027|G097|MDO||2|
10013035|G097|MDO||1|
10013039|G097|MDO||1|C
10013041|G097|MDO||1|
10013050|G097|MDO|TBO=Y|0|
10013100|G097|MDO||24|
10013107|G097|MDO||1|
10013160|G097|MDO||5|
10013184|G097|MDO|BAP=Y|1000|
10013212|G097|MDO||1|
10013352|G097|MDO||1|
10013353|G097|MDO||1|
10013360|G097|MDO||1|
10013361|G097|MDO||1|
10013365|G097|MDO||1|
10013367|G097|MDO||1|
10013548|G097|MDO|BAP=Y|1000|
10013557|G097|MDO|BAP=Y|1|
10013558|G097|MDO|BAP=Y|1|
10013569|G097|MDO||1|
10013572|G097|MDO||1|
10013575|G097|MDO|TBO=N|1|
10013671|G097|MDO||2|C
10013693|G097|MDO||1|
10013751|G097|MDO||1|
10013821|G097|MDO||1|
10013844|G097|MDO|BAP=Y|5|
10013885|G097|MDO||4|
10014035|G097|MDO||1|
10014036|G097|MDO||1|
10014075|G097|MDO||2|
10014129|G097|MDO||1|
10014154|G097|MDO||1|
10014168|G097|MDO|TBO=N|2|
10014246|G097|MDO|TBO=Y|2|
10014260|G097|MDO||1|
10014263|G097|MDO||1|
10014292|G097|MDO||24|
10014293|G097|MDO||24|
10014404|G097|MDO||4|
10014526|G097|MDO||10|
10014528|G097|MDO||10|
10014567|G097|MDO||2|
10014740|G097|MDO||1|
10014741|G097|MDO||1|
10014778|G097|MDO||1|
10015124|G097|MDO|TBO=N|2|
10015137|G097|MDO||0|
10015149|G097|MDO|TBO=N|1|
10015195|G097|MDO||0|
10015228|G097|MDO||2|C
10015314|G097|MDO||1|
10015367|G097|MDO|BAP=Y|1000|
10015375|G097|MDO||0|
10015376|G097|MDO||0|
10015378|G097|MDO||0|
10015394|G097|MDO||1|
10015435|G097|MDO||1|
10015436|G097|MDO||1|
10015438|G097|MDO||1|
10015461|G097|MDO||1|
10015490|G097|MDO||0|
10015523|G097|MDO||1|
10015526|G097|MDO||1|
10015532|G097|MDO|TBO=N|24|
10015550|G097|MDO||2|
10015646|G097|MDO|TBO=Y|1|
10015648|G097|MDO||1|
10015650|G097|MDO||1|
10015651|G097|MDO||1|
10015652|G097|MDO||1|
10015653|G097|MDO||1|
10015683|G097|MDO||1|
10015684|G097|MDO|TBO=Y|1|
10015694|G097|MDO||1|
10015698|G097|MDO||3|
10015814|G097|MDO||1|
10015843|G097|MDO||0|
10015861|G097|MDO|TBO=N|2|
10015919|G097|MDO||1|
10015921|G097|MDO||1|
10015954|G097|MDO||40|
10015971|G097|MDO||0|
10016026|G097|MDO||2|
10016064|G097|MDO||1|
10016079|G097|MDO|TBO=N|2|
10016160|G097|MDO||1|
10016170|G097|MDO||24|
10016209|G097|MDO||1|
10016247|G097|MDO||1|
10016300|G097|MDO|BAP=Y|1|
10016301|G097|MDO||1|
10016327|G097|MDO||1|
10016349|G097|MDO||0|
10016419|G097|MDO|TBO=N|1|
10016500|G097|MDO||10|
10016508|G097|MDO||0|
10016509|G097|MDO||0|
10016520|G097|MDO||1|
10016646|G097|MDO||12|
10016650|G097|MDO||2|
10016716|G097|MDO||1|
10016718|G097|MDO||1|
10016719|G097|MDO||1|
10016755|G097|MDO||1|
10016785|G097|MDO||1|
10016793|G097|MDO||1|
10016833|G097|MDO|BAP=Y|1000|
10016899|G097|MDO||40|
10016900|G097|MDO||40|
10017026|G097|MDO||1|
10017154|G097|MDO|TBO=N|1|
10017209|G097|MDO||0|
10017210|G097|MDO|BAP=Y|1000|
10017288|G097|MDO||1|
10017296|G097|MDO||2|
10017435|G097|MDO|TBO=N|1|
10017484|G097|MDO|TBO=Y|1|
10017675|G097|MDO||2|
10017884|G097|MDO||1|
10018154|G097|MDO||1|
10018282|G097|MDO||0|
10018618|G097|MDO||1|
10018786|G097|MDO||1|
10018871|G097|MDO||1|
10018873|G097|MDO||1|
10018875|G097|MDO||1|
10018962|G097|MDO||1|
10019004|G097|MDO||20|
10019114|G097|MDO||1|
10019118|G097|MDO||1|
10019138|G097|MDO|BAP=Y|1000|
10019160|G097|MDO||0|
10019163|G097|MDO||0|
10019229|G097|MDO||2|
10019361|G097|MDO||1|C
10019369|G097|MDO||1|
10019370|G097|MDO||1|C
10019513|G097|MDO||1|
10019530|G097|MDO||0|
10019547|G097|MDO||0|
10019614|G097|MDO||40|
10019615|G097|MDO||1|
10019695|G097|MDO|TBO=Y|1|
10019696|G097|MDO|TBO=Y|1|
10019698|G097|MDO|TBO=N|1|
10019700|G097|MDO|BAP=Y|1|
10019725|G097|MDO||1|
10019753|G097|MDO||1|
10019764|G097|MDO||1|
10019765|G097|MDO||1|
10019818|G097|MDO|BAP=Y,TBO=Y|1|
10019884|G097|MDO||1|
10019948|G097|MDO|TBO=Y|1|
10019958|G097|MDO||0|
10019962|G097|MDO|BAP=Y|1|
10019963|G097|MDO|BAP=Y|1000|
10020144|G097|MDO||1|
10020147|G097|MDO||1|
10020154|G097|MDO|TBO=Y|1|
10020193|G097|MDO||1|
10020195|G097|MDO||1|
10020536|G097|MDO||1|
10020671|G097|MDO||1|
10020672|G097|MDO||1|
10020673|G097|MDO||1|
10020713|G097|MDO|TBO=Y|6|
10020714|G097|MDO||1|
10020784|G097|MDO||2|
10020940|G097|MDO||1|
10021003|G097|MDO|TBO=Y|6|
10021008|G097|MDO||24|
10021010|G097|MDO||24|
10021069|G097|MDO||1|
10021170|G097|MDO||1|
10021392|G097|MDO||2|
10021949|G097|MDO||1|
10021962|G097|MDO||1|
10021968|G097|MDO||1|C
10022100|G097|MDO||1|
10022101|G097|MDO||1|
10022118|G097|MDO||36|
10022197|G097|MDO||3|
10022211|G097|MDO||0|
10022223|G097|MDO||0|
10022248|G097|MDO|TBO=Y|1|
10022319|G097|MDO||1|
10022333|G097|MDO||2|
10022372|G097|MDO||1|
10022373|G097|MDO||1|
10022402|G097|MDO|TBO=N|1|
10022461|G097|MDO||1|
10022534|G097|MDO||1|
10022626|G097|MDO||0|
10022742|G097|MDO||1|
10023001|G097|MDO||1|C
10023002|G097|MDO||2|
10023003|G097|MDO||1|
10023137|G097|MDO||1|
10023206|G097|MDO||1|
10023214|G097|MDO||1|
10023475|G097|MDO||4|
10023495|G097|MDO||1|
10023618|G097|MDO||1|
10023759|G097|MDO||0|
10023778|G097|MDO||1|
10023779|G097|MDO||1|
10023780|G097|MDO||1|
10023789|G097|MDO|TBO=N|40|
10023790|G097|MDO||40|
10023791|G097|MDO||40|
10023792|G097|MDO||40|
10023833|G097|MDO||2|
10024188|G097|MDO||2|
10024189|G097|MDO||2|
10024229|G097|MDO||1|
10024523|G097|MDO||10|
10024555|G097|MDO||1|
10024614|G097|MDO|BAP=Y|1000|
10025006|G097|MDO|TBO=N|4|
10025075|G097|MDO||10|
10025196|G097|MDO||1|
10025292|G097|MDO|TBO=N|1|
10025295|G097|MDO||10|
10025301|G097|MDO||1|
10025302|G097|MDO||1|
10025325|G097|MDO||1|
10025326|G097|MDO||1|
10025373|G097|MDO||1|
10025410|G097|MDO||2|
10025411|G097|MDO|TBO=N|2|
10025415|G097|MDO||20|
10025416|G097|MDO||20|
10025417|G097|MDO||20|
10025449|G097|MDO||2|
10025482|G097|MDO||1|
10025484|G097|MDO|TBO=N|2|
10025645|G097|MDO||1|
10025646|G097|MDO||2|
10025647|G097|MDO||1|
10025816|G097|MDO||0|
10025846|G097|MDO||1|
10025848|G097|MDO||1|
10025849|G097|MDO||1|
10025991|G097|MDO||24|
10025994|G097|MDO||6|
10026038|G097|MDO|TBO=N|4|
10026134|G097|MDO||1|
10026416|G097|MDO|TBO=N|1|
10026483|G097|MDO||1|
10026484|G097|MDO||0|
10026500|G097|MDO||1|
10026501|G097|MDO|TBO=N|40|
10026611|G097|MDO||2|
10026612|G097|MDO||1|
10026622|G097|MDO||1|
10026626|G097|MDO||1|
10026657|G097|MDO||1|
10026766|G097|MDO||0|
10026786|G097|MDO||0|
10026787|G097|MDO||0|
10026788|G097|MDO||0|
10026850|G097|MDO||1|
10026869|G097|MDO||0|
10026892|G097|MDO||1|
10026893|G097|MDO||1|
10026930|G097|MDO||1|
10026995|G097|MDO|TBO=N|12|
10027065|G097|MDO||1|
10027066|G097|MDO||1|
10027090|G097|MDO||1|
10027155|G097|MDO||0|
10027167|G097|MDO||1|
10027192|G097|MDO||12|
10027329|G097|MDO||2|
10027389|G097|MDO||1|
10027399|G097|MDO||1|
10027468|G097|MDO||1|
10027527|G097|MDO||12|
10027546|G097|MDO|BAP=Y|900|
10027672|G097|MDO||5|
10027688|G097|MDO|TBO=Y|1|
10027768|G097|MDO|TBO=N|1|
10027774|G097|MDO||9|
10027952|G097|MDO|TBO=N|1|
10028140|G097|MDO||1|
10028190|G097|MDO||1|
10028390|G097|MDO||2|
10028410|G097|MDO||1|
10028422|G097|MDO||1|
10028501|G097|MDO||1|
10028574|G097|MDO|TBO=N|10|
10028608|G097|MDO||1|
10028669|G097|MDO||1|
10028677|G097|MDO|TBO=N|4|
10028739|G097|MDO|TBO=N|1|
10028740|G097|MDO|TBO=N|1|
10028800|G097|MDO|TBO=Y|1|
10028946|G097|MDO||0|
10029236|G097|MDO|TBO=Y|1|
10029299|G097|MDO|TBO=Y|1|
10029300|G097|MDO|TBO=Y|1|
10029536|G097|MDO||0|
10029538|G097|MDO||0|
10029540|G097|MDO||0|
10029542|G097|MDO||0|
10029543|G097|MDO||1|
10029545|G097|MDO||0|
10029632|G097|MDO||1|
10029724|G097|MDO||4|
10029829|G097|MDO||1|
10029898|G097|MDO||1|
10030051|G097|MDO||1|
10030059|G097|MDO||1|
10030189|G097|MDO||40|
10030193|G097|MDO||40|
10030201|G097|MDO||2|
10030223|G097|MDO||2|
10030397|G097|MDO|TBO=N|1|
10030533|G097|MDO|TBO=Y|1|
10030571|G097|MDO|BAP=Y|1000|
10030665|G097|MDO|TBO=N|2|
10030733|G097|MDO||10|
10030783|G097|MDO||2|
10030784|G097|MDO||1|
10030787|G097|MDO|TBO=Y|1|
10030788|G097|MDO|TBO=Y|1|
10030804|G097|MDO||2|
10030805|G097|MDO||2|
10030806|G097|MDO||2|
10030819|G097|MDO||5|
10030867|G097|MDO|TBO=Y|2|
10030924|G097|MDO||1|
10030925|G097|MDO||1|
10031038|G097|MDO|TBO=N|1|
10031156|G097|MDO||1|
10031201|G097|MDO||1|
10031203|G097|MDO||6|
10031214|G097|MDO||1|
10031256|G097|MDO||2|
10031383|G097|MDO||12|
10031393|G097|MDO||1|
10031396|G097|MDO||1|
10031438|G097|MDO||1|
10031445|G097|MDO||0|
10031463|G097|MDO||2|
10031465|G097|MDO||1|
10031470|G097|MDO||1|
10031506|G097|MDO|TBO=Y|1|
10031572|G097|MDO||2|
10031595|G097|MDO||28|
10031694|G097|MDO||0|
10031825|G097|MDO||2|
10031961|G097|MDO||2|
10031962|G097|MDO||2|
10031976|G097|MDO||1|
10032028|G097|MDO||1|
10032077|G097|MDO||1|
10032089|G097|MDO||1|
10032229|G097|MDO||2|
10032310|G097|MDO||50|
10032483|G097|MDO||2|
10032520|G097|MDO||1|
10032571|G097|MDO||1|
10032668|G097|MDO||1|
10032795|G097|MDO||1|
10032895|G097|MDO||1|
10032936|G097|MDO||1|
10032952|G097|MDO||1|
10033006|G097|MDO||1|
10033008|G097|MDO||1|
10033009|G097|MDO||1|
10033018|G097|MDO||1|
10033024|G097|MDO||2|
10033139|G097|MDO||2|
10033236|G097|MDO||1|
10033291|G097|MDO||5|
10033417|G097|MDO||1|
10033418|G097|MDO||1|
10033423|G097|MDO||2|
10033424|G097|MDO|TBO=Y|1|
10033468|G097|MDO||0|
10033469|G097|MDO||0|
10033560|G097|MDO||1|
10033567|G097|MDO|TBO=N|24|
10033569|G097|MDO||1|
10033572|G097|MDO||1|
10033599|G097|MDO|BAP=Y|1|
10033610|G097|MDO|TBO=N|1|
10033611|G097|MDO|TBO=N|1|
10033661|G097|MDO||0|
10033738|G097|MDO|TBO=Y|1|
10033782|G097|MDO|TBO=Y|1|
10033814|G097|MDO||1|
10033815|G097|MDO|TBO=N|1|
10033899|G097|MDO||1|
10033928|G097|MDO|TBO=Y|1|
10033930|G097|MDO||1|
10033931|G097|MDO||2|
10034123|G097|MDO|TBO=N|4|
10034124|G097|MDO|TBO=Y|1|
10034179|G097|MDO||2|
10034261|G097|MDO||0|
10034262|G097|MDO|BAP=Y|1000|
10034330|G097|MDO||1|
10034341|G097|MDO||1|
10034347|G097|MDO||1|
10034403|G097|MDO|TBO=N|1|
10034567|G097|MDO|TBO=Y|20|
10034652|G097|MDO||1|
10034732|G097|MDO||3|
10034745|G097|MDO||1|
10034797|G097|MDO|TBO=N|6|
10034798|G097|MDO||2|
10034899|G097|MDO|TBO=Y|2|
10034901|G097|MDO||6|
10035016|G097|MDO||2|
10035030|G097|MDO||10|
10035165|G097|MDO|TBO=N|24|
10035167|G097|MDO||1|
10035178|G097|MDO||1|
10035234|G097|MDO||1|
10035277|G097|MDO||1|
10035319|G097|MDO||1|
10035320|G097|MDO|TBO=N|2|
10035326|G097|MDO||1|
10035551|G097|MDO||1|
10035566|G097|MDO||150|
10035639|G097|MDO||30|
10035852|G097|MDO||1|
10035858|G097|MDO||1|
10035865|G097|MDO||1|
10035871|G097|MDO||1|
10035883|G097|MDO|TBO=N|2|
10035892|G097|MDO||1|
10035898|G097|MDO||2|
10035899|G097|MDO||1|
10035900|G097|MDO||2|
10035954|G097|MDO||0|
10035955|G097|MDO||0|
10036092|G097|MDO||1|
10036114|G097|MDO|TBO=Y|1|
10036326|G097|MDO||1|
10036356|G097|MDO||1|
10036357|G097|MDO||1|
10036359|G097|MDO||1|
10036492|G097|MDO||0|
10036500|G097|MDO||1|
10036508|G097|MDO||2|
10036552|G097|MDO||1|
10036553|G097|MDO||1|
10036554|G097|MDO|TBO=N|1|
10036555|G097|MDO|TBO=N|1|
10036558|G097|MDO||1|
10036559|G097|MDO||1|
10036561|G097|MDO||1|
10036562|G097|MDO|TBO=N|1|
10036563|G097|MDO|TBO=N|1|
10036566|G097|MDO||1|
10036567|G097|MDO||1|
10036569|G097|MDO||1|
10036570|G097|MDO||1|
10036571|G097|MDO|TBO=N|1|
10036579|G097|MDO||2|
10036611|G097|MDO||1|
10036613|G097|MDO||2|
10036617|G097|MDO||1|
10036619|G097|MDO||1|
10036621|G097|MDO|TBO=Y|1|
10036625|G097|MDO|TBO=Y|1|
10036631|G097|MDO|TBO=N|1|
10036640|G097|MDO|TBO=N|24|
10036644|G097|MDO||1|C
10036646|G097|MDO||2|
10036647|G097|MDO|TBO=N|12|
10036665|G097|MDO||4|
10036678|G097|MDO||1|
10036685|G097|MDO||1|
10036688|G097|MDO||1|
10036703|G097|MDO||2|
10036708|G097|MDO|TBO=N|2|
10036718|G097|MDO|TBO=N|1|
10036739|G097|MDO||1|
10036740|G097|MDO||1|
10036743|G097|MDO||1|
10036770|G097|MDO||1|
10036772|G097|MDO|TBO=N|1|
10036773|G097|MDO||1|
10036777|G097|MDO|TBO=N|1|
10036778|G097|MDO|TBO=N|1|
10036780|G097|MDO||1|
10036785|G097|MDO||1|
10036791|G097|MDO||1|
10036796|G097|MDO|TBO=Y|1|
10036806|G097|MDO||5|
10036815|G097|MDO||2|
10036817|G097|MDO||2|
10036819|G097|MDO||2|
10036821|G097|MDO||2|
10036827|G097|MDO||1|
10036828|G097|MDO||1|
10036829|G097|MDO|TBO=N|1|
10036839|G097|MDO||10|
10036840|G097|MDO||1|
10036841|G097|MDO|TBO=N|1|
10036842|G097|MDO||2|
10036848|G097|MDO||1|
10036853|G097|MDO||1|
10036854|G097|MDO||1|
10036860|G097|MDO|TBO=N|1|
10036861|G097|MDO||1|
10036864|G097|MDO||1|
10036875|G097|MDO|TBO=N|8|
10036876|G097|MDO||1|
10036878|G097|MDO|TBO=Y|1|
10036879|G097|MDO||1|
10036884|G097|MDO||2|
10036887|G097|MDO||2|
10036891|G097|MDO||1|
10036896|G097|MDO||1|
10036899|G097|MDO||1|
10036916|G097|MDO|TBO=N|2|
10036921|G097|MDO||1|
10036925|G097|MDO|TBO=Y|1|
10036931|G097|MDO||1|
10036934|G097|MDO||6|
10036935|G097|MDO|TBO=Y|2|
10036938|G097|MDO||1|
10036942|G097|MDO||1|
10036954|G097|MDO||1|
10036955|G097|MDO||1|
10036957|G097|MDO|TBO=N|16|
10036980|G097|MDO||1|
10036981|G097|MDO||3|
10036982|G097|MDO||2|
10036987|G097|MDO||10|
10036998|G097|MDO||2|
10037013|G097|MDO|TBO=N|2|
10037019|G097|MDO||1|
10037027|G097|MDO||1|
10037032|G097|MDO|TBO=Y|1|
10037062|G097|MDO||1|C
10037140|G097|MDO||1|
10037157|G097|MDO||1|
10037196|G097|MDO||1|
10037208|G097|MDO||2|
10037229|G097|MDO||1|
10037234|G097|MDO||1|
10037254|G097|MDO||1|
10037263|G097|MDO||2|
10037275|G097|MDO||1|
10037280|G097|MDO||1|
10037282|G097|MDO||1|
10037285|G097|MDO||1|C
10037288|G097|MDO||1|
10037333|G097|MDO||1|
10037355|G097|MDO||1|
10037358|G097|MDO||1|
10037376|G097|MDO||1|
10037392|G097|MDO|TBO=Y|1|
10037405|G097|MDO|TBO=N|12|
10037415|G097|MDO||1|
10037424|G097|MDO|TBO=Y|1|
10037437|G097|MDO||2|
10037621|G097|MDO||0|P
10037623|G097|MDO||1|C
10037632|G097|MDO||42|
10037636|G097|MDO||23|
10037640|G097|MDO||42|
10037643|G097|MDO||1|
10037663|G097|MDO||1|
10037667|G097|MDO||20|
10037671|G097|MDO||1|
10037681|G097|MDO||1|
10037684|G097|MDO||1|
10037691|G097|MDO||1|
10037725|G097|MDO||2|
10037727|G097|MDO||1|
10037729|G097|MDO||1|
10037756|G097|MDO||1|
10037787|G097|MDO||1|
10037788|G097|MDO||1|
10037807|G097|MDO||1|
10037809|G097|MDO||3|
10037982|G097|MDO||0|
10037987|G097|MDO||0|
10037990|G097|MDO||0|
10037991|G097|MDO|BAP=Y|1000|
10037992|G097|MDO||0|
10037993|G097|MDO||0|
10037994|G097|MDO|BAP=Y|1|
10037997|G097|MDO|BAP=Y|1000|
10037998|G097|MDO||0|
10037999|G097|MDO|BAP=Y|1|
10038000|G097|MDO||0|
10038002|G097|MDO||0|
10038005|G097|MDO||0|
10038006|G097|MDO||0|
10038010|G097|MDO||0|
10038011|G097|MDO|BAP=Y|1000|
10038012|G097|MDO||0|
10038013|G097|MDO|BAP=Y|1000|
10038014|G097|MDO|BAP=Y|1000|
10038015|G097|MDO|BAP=Y|1000|
10038016|G097|MDO||0|
10038017|G097|MDO||1|
10038020|G097|MDO|BAP=Y|1|
10038023|G097|MDO||0|
10038025|G097|MDO|BAP=Y|1|
10038027|G097|MDO||0|
10038029|G097|MDO||0|
10038030|G097|MDO||0|
10038031|G097|MDO||0|
10038032|G097|MDO||0|
10038033|G097|MDO||0|
10038034|G097|MDO||0|
10038036|G097|MDO||0|
10038038|G097|MDO|BAP=Y|1|
10038040|G097|MDO|BAP=Y|1|
10038041|G097|MDO||0|
10038043|G097|MDO|BAP=Y|1|
10038044|G097|MDO|BAP=Y,TBO=Y|1|
10038048|G097|MDO|BAP=Y|0|
10038053|G097|MDO|BAP=Y|1000|
10038054|G097|MDO|BAP=Y|1000|
10038056|G097|MDO|BAP=Y|1000|
10038057|G097|MDO|BAP=Y|1000|
10038064|G097|MDO|BAP=Y|1000|
10038065|G097|MDO|BAP=Y|0|
10038069|G097|MDO|BAP=Y|1000|
10038082|G097|MDO||0|
10038085|G097|MDO||0|
10038091|G097|MDO||1|
10038099|G097|MDO||2|
10038106|G097|MDO||1|
10038107|G097|MDO|TBO=Y|1|
10038111|G097|MDO||1|
10038116|G097|MDO||2|
10038117|G097|MDO|TBO=N|2|
10038125|G097|MDO|TBO=Y|2|
10038137|G097|MDO||1|
10038162|G097|MDO||0|
10038178|G097|MDO||0|
10038179|G097|MDO||0|
10038189|G097|MDO||0|
10038192|G097|MDO||0|
10038277|G097|MDO||2|
10038327|G097|MDO|BAP=Y|2|P
10038336|G097|MDO|BAP=Y|5|P
10038337|G097|MDO|BAP=Y|2|P
10038338|G097|MDO||0|P
10038352|G097|MDO||2|
10038356|G097|MDO||0|
10038382|G097|MDO||0|
10038388|G097|MDO||2|
10038390|G097|MDO||1|
10038449|G097|MDO||1|
10038450|G097|MDO||1|
10038628|G097|MDO||2|
10038663|G097|MDO||1|
10038686|G097|MDO||1|
10038692|G097|MDO||2|
10038697|G097|MDO||1|
10038704|G097|MDO||1|
10038706|G097|MDO||1|
10038814|G097|MDO||1|
10038823|G097|MDO|TBO=Y|1|
10038880|G097|MDO||10|
10038881|G097|MDO||24|
10038918|G097|MDO||1|
10038932|G097|MDO|TBO=N|12|
10038964|G097|MDO||1|
10038967|G097|MDO||1|
10038969|G097|MDO||1|
10039027|G097|MDO||1|
10039111|G097|MDO|TBO=N|1|
10039119|G097|MDO||1|
10039125|G097|MDO|TBO=Y|1|
10039174|G097|MDO|BAP=Y|1|
10039897|G097|MDO|TBO=N|30|
10039944|G097|MDO||1|
10039945|G097|MDO||1|
10039946|G097|MDO||1|
10040122|G097|MDO||2|
10040124|G097|MDO|TBO=Y|1|
10040150|G097|MDO||1|
10040154|G097|MDO||1|
10040157|G097|MDO||1|
10040185|G097|MDO||1|
10040186|G097|MDO||1|
10040188|G097|MDO||2|
10040192|G097|MDO||1|
10040193|G097|MDO||1|
10040202|G097|MDO||1|
10040206|G097|MDO||2|
10040350|G097|MDO||1|
10040429|G097|MDO|TBO=Y|1|
10040447|G097|MDO||1|
10040493|G097|MDO|TBO=Y|0|
20000065|G097|MDO||1|
20000071|G097|MDO|TBO=N|6|
20000215|G097|MDO||2|
20000232|G097|MDO|TBO=N|1|
20000234|G097|MDO|TBO=N|1|
20000300|G097|MDO|TBO=N|1|
20000411|G097|MDO|TBO=Y|1|
20000412|G097|MDO||1|
20000458|G097|MDO|TBO=N|1|
20000459|G097|MDO|TBO=N|1|
20000513|G097|MDO||10|C
20000515|G097|MDO||1|
20000516|G097|MDO||1|
20000589|G097|MDO||1|C
20000765|G097|MDO||1|
20000776|G097|MDO||0|
20000777|G097|MDO||1|
20000778|G097|MDO||1|
20000786|G097|MDO|TBO=N|24|
20000787|G097|MDO||2|
20000935|G097|MDO|BAP=Y|1000|
20000980|G097|MDO||1|
20001061|G097|MDO||2|
20001188|G097|MDO||1|
20001203|G097|MDO||0|
20001221|G097|MDO|TBO=N|48|
20001316|G097|MDO|BAP=Y,TBO=N|1|
20001323|G097|MDO|BAP=Y,TBO=N|1|
20001380|G097|MDO||1|
20001396|G097|MDO||2|
20001402|G097|MDO||1|
20001404|G097|MDO||1|
20001407|G097|MDO||1|
20001546|G097|MDO||1|
20001556|G097|MDO||2|
20001557|G097|MDO||2|
20001566|G097|MDO||1|
20001582|G097|MDO||1|
20001604|G097|MDO||1|
20001605|G097|MDO|TBO=N|4|
20001606|G097|MDO||1|
20001645|G097|MDO||1|
20001701|G097|MDO||1|
20001702|G097|MDO||1|
20001703|G097|MDO||1|
20001704|G097|MDO||1|
20001713|G097|MDO||1|
20002133|G097|MDO||9|
20002178|G097|MDO|TBO=Y|10|
20002198|G097|MDO||1|
20002199|G097|MDO||1|
20002201|G097|MDO||1|
20002203|G097|MDO||24|
20002205|G097|MDO||24|
20002313|G097|MDO|TBO=N|4|
20002315|G097|MDO||1|
20002340|G097|MDO||1|
20002363|G097|MDO||1|
20002364|G097|MDO||1|
20002415|G097|MDO||2|
20002481|G097|MDO||1|
20002504|G097|MDO||1|
20002523|G097|MDO|TBO=Y|1|
20002725|G097|MDO||1|
20002727|G097|MDO|TBO=Y|1|
20002771|G097|MDO||1|
20002805|G097|MDO||1|
20002806|G097|MDO||1|
20002897|G097|MDO|TBO=Y|5|
20002898|G097|MDO||1|
20002900|G097|MDO|TBO=Y|10|
20002901|G097|MDO|TBO=Y|10|
20002944|G097|MDO||48|
20002979|G097|MDO||1|
20002980|G097|MDO||1|
20002987|G097|MDO|TBO=N|30|
20002988|G097|MDO||6|
20002989|G097|MDO||5|
20003007|G097|MDO||1|
20003395|G097|MDO||1|
20003398|G097|MDO||1|
20003405|G097|MDO|TBO=N|10|
20003466|G097|MDO||12|
20003567|G097|MDO||2|
20003568|G097|MDO||1|
20003591|G097|MDO||1|
20003593|G097|MDO||1|
20003698|G097|MDO||4|
20003736|G097|MDO|TBO=Y|1|
20003784|G097|MDO||2|
20003786|G097|MDO||24|
20003798|G097|MDO||1|
20003892|G097|MDO|TBO=Y|1|
20003902|G097|MDO||2|
20003910|G097|MDO|TBO=N|30|
20003915|G097|MDO||2|
20003969|G097|MDO|TBO=Y|1|
20004026|G097|MDO||0|
20004027|G097|MDO||1|
20004032|G097|MDO|TBO=N|2|
20004074|G097|MDO||1|
20004115|G097|MDO||1|
20004117|G097|MDO||2|
20004183|G097|MDO||1|
20004229|G097|MDO|TBO=N|24|
20004249|G097|MDO|TBO=Y|1|
20004250|G097|MDO|TBO=Y|4|
20004283|G097|MDO||10|
20004385|G097|MDO||1|
20004386|G097|MDO||1|
20004617|G097|MDO|TBO=N|2|
20004767|G097|MDO||1|
20005008|G097|MDO||1|
20005093|G097|MDO||1|
20005161|G097|MDO||0|
20005194|G097|MDO|BAP=Y|1000|
20005529|G097|MDO|TBO=N|24|
20005530|G097|MDO|TBO=Y|12|
20005584|G097|MDO||1|
20005587|G097|MDO||1|
20005588|G097|MDO||0|
20005712|G097|MDO||1|
20005713|G097|MDO||2|
20005835|G097|MDO|TBO=N|24|
20006100|G097|MDO||1|
20006343|G097|MDO||0|
20006344|G097|MDO||0|
20006345|G097|MDO||0|
20006422|G097|MDO|TBO=N|6|
20006530|G097|MDO|TBO=Y|1|
20006531|G097|MDO|TBO=Y|1|
20006935|G097|MDO||2|
20006943|G097|MDO||1|
20006951|G097|MDO||2|
20006953|G097|MDO||2|
20007030|G097|MDO|TBO=Y|1|
20007043|G097|MDO||1|
20007060|G097|MDO||2|
20007064|G097|MDO||2|P
20007072|G097|MDO||1|
20007302|G097|MDO||2|
20007307|G097|MDO||2|
20007308|G097|MDO||1|
20007397|G097|MDO|TBO=Y|10|
20007699|G097|MDO||1|
20007700|G097|MDO||1|
20007703|G097|MDO||1|
20007764|G097|MDO|TBO=Y|10|
20007824|G097|MDO||1|
20007834|G097|MDO|TBO=Y|40|
20007929|G097|MDO||1|
20007996|G097|MDO||1|
20008080|G097|MDO||1|
20008081|G097|MDO||1|
20008135|G097|MDO||2|
20008155|G097|MDO||1|
20008162|G097|MDO|TBO=N|1|
20008185|G097|MDO||1|
20008187|G097|MDO||1|
20008252|G097|MDO||24|
20008420|G097|MDO|TBO=N|1|
20008466|G097|MDO||0|
20008509|G097|MDO||1|
20008565|G097|MDO|TBO=Y|6|
20008586|G097|MDO||0|
20008706|G097|MDO||1|
20008719|G097|MDO||1|
20008720|G097|MDO||1|
20008748|G097|MDO||1|
20008766|G097|MDO|TBO=Y|48|
20008767|G097|MDO||24|
20008785|G097|MDO|TBO=N|12|
20008798|G097|MDO||6|
20008800|G097|MDO|TBO=Y|6|
20008842|G097|MDO||1|
20008843|G097|MDO||1|
20008887|G097|MDO||1|
20008947|G097|MDO||6|
20008986|G097|MDO||1|
20009098|G097|MDO||40|
20009146|G097|MDO||1|
20009186|G097|MDO||1|
20009266|G097|MDO|TBO=N|3|
20009267|G097|MDO|TBO=N|1|
20009269|G097|MDO||1|
20009270|G097|MDO||1|
20009274|G097|MDO||1|
20009329|G097|MDO|TBO=Y|25|
20009499|G097|MDO||1|
20009500|G097|MDO|TBO=N|1|
20009698|G097|MDO||3|
20009722|G097|MDO||24|
20009731|G097|MDO||1|
20009737|G097|MDO|TBO=N|30|
20009855|G097|MDO||2|
20009869|G097|MDO||1|
20009870|G097|MDO||1|
20009872|G097|MDO||1|
20009894|G097|MDO|TBO=N|1|
20009912|G097|MDO|TBO=N|1|
20009966|G097|MDO||1|
20009973|G097|MDO||1|
20009977|G097|MDO||1|
20010085|G097|MDO||1|
20010257|G097|MDO||2|
20010262|G097|MDO||1|
20010263|G097|MDO||1|
20010264|G097|MDO||1|
20010272|G097|MDO|TBO=N|2|
20010358|G097|MDO|TBO=Y|2|
20010369|G097|MDO||1|
20010379|G097|MDO||2|
20010381|G097|MDO||1|
20010383|G097|MDO||1|
20010387|G097|MDO||0|
20010389|G097|MDO||1|
20010392|G097|MDO||0|
20010472|G097|MDO||0|
20010497|G097|MDO||1|
20010500|G097|MDO||1|
20010505|G097|MDO|TBO=Y|1|
20010506|G097|MDO|TBO=Y|1|
20010520|G097|MDO||1|
20010566|G097|MDO|BAP=Y,TBO=N|1000|
20010649|G097|MDO|TBO=Y|2|
20010655|G097|MDO||1|
20010699|G097|MDO|BAP=Y,TBO=Y|2|
20010772|G097|MDO|TBO=Y|1|
20010773|G097|MDO|TBO=Y|1|
20010774|G097|MDO|TBO=Y|1|
20010775|G097|MDO|TBO=Y|1|
20010951|G097|MDO||1|
20010952|G097|MDO||1|
20010953|G097|MDO||1|
20010954|G097|MDO||1|
20010957|G097|MDO||1|
20010959|G097|MDO||1|
20010960|G097|MDO||10|
20010999|G097|MDO|TBO=N|2|
20011000|G097|MDO|TBO=N|2|
20011003|G097|MDO||1|
20011004|G097|MDO||1|
20011006|G097|MDO||1|
20011007|G097|MDO|TBO=N|1|
20011008|G097|MDO|TBO=N|1|
20011056|G097|MDO||0|
20011057|G097|MDO||0|
20011060|G097|MDO||1|
20011063|G097|MDO||1|
20011068|G097|MDO||1|
20011131|G097|MDO||1|
20011132|G097|MDO||1|
20011204|G097|MDO||1|
20011205|G097|MDO||1|
20011206|G097|MDO||1|
20011207|G097|MDO||1|
20011308|G097|MDO|TBO=Y|1|
20011334|G097|MDO||1|
20011382|G097|MDO||1|
20011539|G097|MDO||1|
20011831|G097|MDO||1|
20011832|G097|MDO||1|
20011845|G097|MDO||2|
20011850|G097|MDO||2|
20011865|G097|MDO||2|
20011866|G097|MDO||2|P
20011872|G097|MDO|TBO=Y|1|
20011929|G097|MDO||1|
20011964|G097|MDO|TBO=Y|1|
20011965|G097|MDO|TBO=Y|1|
20012007|G097|MDO||12|
20012061|G097|MDO||1|C
20012183|G097|MDO||3|
20012188|G097|MDO||12|
20012342|G097|MDO||0|
20012366|G097|MDO||12|
20012386|G097|MDO|TBO=N|1|
20012573|G097|MDO||1|
20012574|G097|MDO||2|
20012575|G097|MDO|TBO=Y|24|
20012672|G097|MDO||1|
20012674|G097|MDO||1|
20012678|G097|MDO||6|
20012679|G097|MDO|TBO=N|6|
20012680|G097|MDO||12|
20012681|G097|MDO|TBO=N|4|
20012688|G097|MDO||2|
20012690|G097|MDO||1|
20012830|G097|MDO||1|
20012831|G097|MDO||1|
20012863|G097|MDO||1|
20012933|G097|MDO|TBO=Y|1|
20013022|G097|MDO||1|
20013023|G097|MDO||1|
20013032|G097|MDO||1|
20013033|G097|MDO||2|
20013047|G097|MDO||1|
20013106|G097|MDO||12|P
20013133|G097|MDO||2|
20013257|G097|MDO||12|P
20013258|G097|MDO||12|
20013259|G097|MDO||12|P
20013260|G097|MDO||12|P
20013298|G097|MDO||1|
20013313|G097|MDO||1|
20013332|G097|MDO||1|
20013333|G097|MDO||1|
20013341|G097|MDO|TBO=N|1|
20013345|G097|MDO|TBO=N|1|
20013378|G097|MDO|TBO=Y|1|
20013433|G097|MDO|TBO=N|2|
20013434|G097|MDO||2|
20013435|G097|MDO||4|
20013445|G097|MDO|BAP=Y,TBO=N|1|
20013464|G097|MDO||1|C
20013465|G097|MDO||1|C
20013531|G097|MDO||1|
20013616|G097|MDO||2|
20013617|G097|MDO||1|
20013643|G097|MDO|TBO=Y|2|
20013662|G097|MDO||4|
20013680|G097|MDO||1|
20013683|G097|MDO||1|
20013772|G097|MDO||1|
20013831|G097|MDO||1|
20013832|G097|MDO||1|
20013924|G097|MDO||1|
20013925|G097|MDO||1|
20013926|G097|MDO||1|
20013927|G097|MDO||2|
20013932|G097|MDO|TBO=Y|1|
20013989|G097|MDO||1|
20014023|G097|MDO||1|C
20014024|G097|MDO||1|C
20014027|G097|MDO||1|C
20014028|G097|MDO||1|
20014069|G097|MDO||4|
20014070|G097|MDO||1|
20014071|G097|MDO||4|
20014081|G097|MDO||2|
20014154|G097|MDO|TBO=Y|2|
20014219|G097|MDO||0|
20014241|G097|MDO||1|
20014279|G097|MDO||0|
20014281|G097|MDO||2|
20014398|G097|MDO||1|
20014399|G097|MDO|TBO=N|1|
20014400|G097|MDO|TBO=N|1|
20014401|G097|MDO||1|
20014457|G097|MDO||0|
20014501|G097|MDO|TBO=Y|1|
20014506|G097|MDO||3|
20014524|G097|MDO|BAP=Y|1000|
20014537|G097|MDO||2|
20014558|G097|MDO||2|
20014559|G097|MDO||1|
20014560|G097|MDO||1|
20014590|G097|MDO||1|
20014608|G097|MDO||2|
20014623|G097|MDO||1|
20014649|G097|MDO|TBO=N|1|
20014694|G097|MDO|TBO=N|2|
20014734|G097|MDO||2|
20014735|G097|MDO||1|
20014813|G097|MDO||1|
20014821|G097|MDO|TBO=Y|1|
20014844|G097|MDO||2|
20014845|G097|MDO||2|
20014916|G097|MDO||1|
20014918|G097|MDO||0|
20014941|G097|MDO||1|
20014954|G097|MDO||4|
20014973|G097|MDO||10|
20014988|G097|MDO||0|
20014993|G097|MDO|TBO=N|4|
20015029|G097|MDO||4|
20015039|G097|MDO||1|
20015040|G097|MDO||1|
20015134|G097|MDO|TBO=N|1|
20015135|G097|MDO|TBO=N|1|
20015171|G097|MDO||2|
20015186|G097|MDO||0|
20015202|G097|MDO|TBO=Y|1|
20015231|G097|MDO||2|
20015232|G097|MDO|TBO=Y|2|
20015233|G097|MDO|TBO=Y|2|
20015235|G097|MDO||1|
20015250|G097|MDO||5|
20015304|G097|MDO|TBO=N|1|
20015368|G097|MDO|TBO=Y|2|
20015478|G097|MDO||0|
20015505|G097|MDO||0|
20015506|G097|MDO||0|
20015507|G097|MDO||0|
20015508|G097|MDO||0|
20015509|G097|MDO||0|
20015510|G097|MDO||0|
20015572|G097|MDO|TBO=N|1|
20015573|G097|MDO|TBO=N|1|
20015608|G097|MDO|BAP=Y|1000|
20015737|G097|MDO|TBO=N|12|
20015821|G097|MDO||1|
20015838|G097|MDO|TBO=N|24|
20015850|G097|MDO||1|
20015963|G097|MDO||2|
20016022|G097|MDO||1|
20016076|G097|MDO||1|
20016096|G097|MDO||1|
20016201|G097|MDO|TBO=Y|1|
20016240|G097|MDO||1|
20016245|G097|MDO||24|
20016246|G097|MDO||24|
20016247|G097|MDO||24|
20016379|G097|MDO||1|
20016388|G097|MDO|TBO=Y|1|
20016399|G097|MDO||13|
20016582|G097|MDO||1|
20016624|G097|MDO|TBO=N|48|
20016706|G097|MDO||10|
20016809|G097|MDO||1|
20016849|G097|MDO||1|
20016864|G097|MDO||3|
20016897|G097|MDO||2|
20016904|G097|MDO||1|
20016949|G097|MDO|TBO=Y|12|
20017043|G097|MDO|TBO=N|1|
20017046|G097|MDO|TBO=Y|1|
20017057|G097|MDO||1|
20017081|G097|MDO||1|
20017089|G097|MDO||1|
20017113|G097|MDO||1|
20017141|G097|MDO||1|
20017225|G097|MDO||1|
20017253|G097|MDO||2|
20017289|G097|MDO||2|
20017349|G097|MDO||3|
20017478|G097|MDO||1|
20017575|G097|MDO|TBO=N|6|
20017679|G097|MDO||2|
20017741|G097|MDO|TBO=Y|1|
20017742|G097|MDO|TBO=Y|1|
20017745|G097|MDO||2|
20017746|G097|MDO|TBO=Y|2|
20017911|G097|MDO||1|
20017931|G097|MDO||1|
20017965|G097|MDO|TBO=N|1|
20017977|G097|MDO||1|
20017981|G097|MDO|TBO=Y|1|
20017991|G097|MDO|TBO=Y|1|
20018004|G097|MDO||1|
20018009|G097|MDO||1|
20018012|G097|MDO|TBO=N|1|
20018019|G097|MDO||0|
20018104|G097|MDO||0|
20018225|G097|MDO||1|
20018270|G097|MDO||1|
20018272|G097|MDO||12|
20018326|G097|MDO||1|
20018354|G097|MDO||1|
20018396|G097|MDO||1|
20018398|G097|MDO||1|
20018435|G097|MDO||6|
20018436|G097|MDO||1|
20018501|G097|MDO|BAP=Y|1|
20018505|G097|MDO||1|
20018509|G097|MDO||0|
20018635|G097|MDO||1|
20018640|G097|MDO|TBO=Y|2|
20018656|G097|MDO|TBO=N|1|
20018697|G097|MDO||1|
20018765|G097|MDO||1|
20018771|G097|MDO||1|C
20018780|G097|MDO|TBO=Y|1|
20018781|G097|MDO|TBO=Y|1|
20018812|G097|MDO||1|
20018822|G097|MDO||2|
20018825|G097|MDO||1|
20018829|G097|MDO||2|
20018904|G097|MDO||24|
20018905|G097|MDO||2|
20018943|G097|MDO|TBO=Y|1|
20018965|G097|MDO||1|
20019050|G097|MDO||1|
20019051|G097|MDO||1|
20019064|G097|MDO||1|
20019170|G097|MDO||1|
20019179|G097|MDO||24|
20019180|G097|MDO||1|
20019249|G097|MDO||12|
20019253|G097|MDO||1|
20019314|G097|MDO||1|
20019315|G097|MDO||1|
20019342|G097|MDO||1|
20019404|G097|MDO||1|
20019446|G097|MDO||1|
20019478|G097|MDO||1|
20019479|G097|MDO||30|
20019480|G097|MDO||2|
20019481|G097|MDO||1|
20019482|G097|MDO||30|
20019529|G097|MDO||2|
20019532|G097|MDO||1|
20019553|G097|MDO||1|
20019554|G097|MDO||1|
20019555|G097|MDO||1|
20019566|G097|MDO||2|
20019597|G097|MDO|TBO=N|9|
20019631|G097|MDO||12|
20019673|G097|MDO|TBO=N|6|
20019674|G097|MDO|TBO=N|24|
20019710|G097|MDO||0|
20019757|G097|MDO||12|P
20019758|G097|MDO||0|
20019759|G097|MDO||0|
20019802|G097|MDO||1|
20019808|G097|MDO||0|
20019814|G097|MDO||1|
20019815|G097|MDO|TBO=N|1|
20019830|G097|MDO||2|
20019831|G097|MDO||1|
20019906|G097|MDO||1|C
20019930|G097|MDO|TBO=Y|40|
20019932|G097|MDO||0|
20019982|G097|MDO||0|
20019987|G097|MDO||1|
20019988|G097|MDO||1|
20020008|G097|MDO||0|
20020016|G097|MDO|TBO=Y|1|
20020017|G097|MDO||2|
20020018|G097|MDO||1|
20020019|G097|MDO||1|
20020089|G097|MDO||0|
20020090|G097|MDO||2|
20020091|G097|MDO||0|
20020120|G097|MDO||1|
20020128|G097|MDO|TBO=N|36|
20020171|G097|MDO||0|
20020184|G097|MDO|BAP=Y|4|
20020212|G097|MDO||1|
20020226|G097|MDO||2|
20020245|G097|MDO||1|
20020255|G097|MDO||1|
20020285|G097|MDO||2|C
20020329|G097|MDO||2|
20020355|G097|MDO||1|
20020399|G097|MDO||1|
20020438|G097|MDO|TBO=N|1|
20020439|G097|MDO|TBO=N|1|
20020474|G097|MDO||1|
20020476|G097|MDO||1|
20020536|G097|MDO||1|
20020574|G097|MDO||1|
20020606|G097|MDO||0|
20020625|G097|MDO|TBO=Y|1|
20020667|G097|MDO||0|
20020668|G097|MDO||0|
20020671|G097|MDO||0|
20020770|G097|MDO||1|
20020856|G097|MDO||1|
20020977|G097|MDO|TBO=N|2|
20021004|G097|MDO||1|
20021029|G097|MDO|TBO=N|4|
20021032|G097|MDO|TBO=N|30|
20021173|G097|MDO||1|
20021174|G097|MDO||1|
20021178|G097|MDO||12|
20021214|G097|MDO||1|
20021218|G097|MDO||1|
20021228|G097|MDO||1|
20021231|G097|MDO||1|
20021255|G097|MDO||0|
20021256|G097|MDO||1|
20021257|G097|MDO||2|
20021323|G097|MDO||2|
20021324|G097|MDO|TBO=N|2|
20021326|G097|MDO|TBO=N|1|
20021330|G097|MDO||2|
20021339|G097|MDO||1|
20021340|G097|MDO||1|
20021359|G097|MDO||1|
20021391|G097|MDO|BAP=Y,TBO=N|6|
20021392|G097|MDO|BAP=Y,TBO=N|6|
20021393|G097|MDO|BAP=Y,TBO=N|6|
20021394|G097|MDO|TBO=N|2|
20021434|G097|MDO||1|
20021435|G097|MDO||1|
20021454|G097|MDO||1|
20021482|G097|MDO||1|
20021569|G097|MDO||1|
20021571|G097|MDO||1|
20021582|G097|MDO||1|
20021695|G097|MDO||5|
20021697|G097|MDO|TBO=Y|2|
20021736|G097|MDO|TBO=N|1|
20021810|G097|MDO||1|
20021816|G097|MDO|TBO=N|2|
20021822|G097|MDO|TBO=N|1|
20021884|G097|MDO|TBO=Y|1|
20021895|G097|MDO||1|
20021898|G097|MDO|TBO=Y|1|
20021899|G097|MDO|TBO=Y|1|
20021900|G097|MDO|TBO=Y|1|
20021935|G097|MDO||1|
20022011|G097|MDO|TBO=N|2|
20022015|G097|MDO|TBO=N|1|
20022275|G097|MDO||0|
20022276|G097|MDO||1|
20022277|G097|MDO||0|
20022278|G097|MDO||0|
20022280|G097|MDO||1|
20022316|G097|MDO|TBO=Y|1|
20022317|G097|MDO|TBO=Y|3|
20022403|G097|MDO|TBO=N|12|
20022418|G097|MDO|TBO=Y|1|
20022431|G097|MDO||1|
20022488|G097|MDO|TBO=Y|1|
20022498|G097|MDO||1|
20022542|G097|MDO||1|
20022543|G097|MDO||1|C
20022628|G097|MDO||1|
20022639|G097|MDO||2|
20022668|G097|MDO||1|
20022693|G097|MDO|TBO=Y|1|
20022697|G097|MDO||2|
20022698|G097|MDO|TBO=N|6|
20022701|G097|MDO||2|
20022707|G097|MDO||1|
20022708|G097|MDO||1|
20022721|G097|MDO||0|
20022902|G097|MDO||2|
20022903|G097|MDO||1|
20022908|G097|MDO||6|
20022917|G097|MDO||1|
20022928|G097|MDO||1|
20022930|G097|MDO||1|
20023011|G097|MDO||1|
20023023|G097|MDO||1|
20023026|G097|MDO||1|
20023059|G097|MDO|TBO=Y|1|
20023111|G097|MDO||1|
20023148|G097|MDO|TBO=N|2|
20023157|G097|MDO||0|
20023287|G097|MDO|TBO=N|2|
20023435|G097|MDO||3|
20023539|G097|MDO||1|C
20023606|G097|MDO||1|
20023627|G097|MDO||1|
20023725|G097|MDO||1|C
20023765|G097|MDO|TBO=N|1|
20023797|G097|MDO||2|
20023803|G097|MDO||1|
20023804|G097|MDO||1|
20023809|G097|MDO|TBO=N|1|
20023821|G097|MDO||1|
20023845|G097|MDO||1|
20023846|G097|MDO||4|
20023852|G097|MDO||1|
20023870|G097|MDO||1|
20023890|G097|MDO||1|
20023891|G097|MDO||1|
20023897|G097|MDO||1|
20023898|G097|MDO||1|
20023912|G097|MDO||1|
20023933|G097|MDO||1|
20024079|G097|MDO|BAP=Y,TBO=N|100|
20024096|G097|MDO||1|
20024136|G097|MDO||0|
20024254|G097|MDO|TBO=N|1|
20024256|G097|MDO||1|
20024302|G097|MDO||1|
20024303|G097|MDO|BAP=Y|1|
20024304|G097|MDO|BAP=Y|4|
20024305|G097|MDO|BAP=Y|4|
20024306|G097|MDO||1|
20024324|G097|MDO||40|
20024477|G097|MDO|TBO=Y|1|
20024512|G097|MDO||1|
20024517|G097|MDO||1|
20024538|G097|MDO||1|
20024539|G097|MDO||2|
20024606|G097|MDO||1|
20024644|G097|MDO||1|
20024645|G097|MDO|TBO=Y|6|
20024699|G097|MDO|TBO=N|20|
20024737|G097|MDO||2|
20024856|G097|MDO|TBO=N|2|
20024857|G097|MDO||1|
20024858|G097|MDO||1|
20024908|G097|MDO||1|
20024922|G097|MDO||1|
20024961|G097|MDO||1|
20024980|G097|MDO||1|
20024988|G097|MDO||1|
20025002|G097|MDO||1|
20025041|G097|MDO||1|
20025050|G097|MDO||2|
20025096|G097|MDO||1|
20025126|G097|MDO||1|
20025128|G097|MDO||1|
20025129|G097|MDO||1|
20025130|G097|MDO||2|
20025131|G097|MDO||1|
20025132|G097|MDO||1|
20025283|G097|MDO||2|
20025285|G097|MDO|TBO=Y|1|
20025333|G097|MDO||1|C
20025350|G097|MDO||1|
20025357|G097|MDO|BAP=Y|0|
20025359|G097|MDO||2|
20025365|G097|MDO||1|
20025407|G097|MDO||1|
20025411|G097|MDO|TBO=Y|1|
20025412|G097|MDO|TBO=Y|1|
20025415|G097|MDO||12|
20025416|G097|MDO|TBO=Y|12|
20025418|G097|MDO||40|
20025487|G097|MDO|TBO=N|20|
20025507|G097|MDO||2|
20025508|G097|MDO||12|
20025553|G097|MDO||2|C
20025563|G097|MDO||1|
20025583|G097|MDO||1|
20025592|G097|MDO||1|
20025594|G097|MDO||2|
20025648|G097|MDO||1|
20025649|G097|MDO||1|
20025695|G097|MDO|TBO=Y|1|
20025696|G097|MDO|TBO=Y|1|
20025701|G097|MDO||1|
20025741|G097|MDO||4|
20025752|G097|MDO||2|
20025753|G097|MDO|TBO=N|2|
20025756|G097|MDO||1|
20025757|G097|MDO||1|
20025762|G097|MDO|TBO=N|2|
20025825|G097|MDO||1|
20025847|G097|MDO|TBO=Y|1|
20025863|G097|MDO||2|
20025864|G097|MDO||2|
20025967|G097|MDO||2|
20025987|G097|MDO|TBO=Y|2|
20026083|G097|MDO||1|
20026088|G097|MDO||1|F
20026187|G097|MDO||1|
20026226|G097|MDO||12|
20026305|G097|MDO|TBO=N|8|
20026343|G097|MDO||6|
20026370|G097|MDO||23|
20026384|G097|MDO||1|
20026410|G097|MDO||1|
20026412|G097|MDO||1|
20026532|G097|MDO||1|
20026676|G097|MDO||2|
20026703|G097|MDO||1|
20026780|G097|MDO||1|
20026791|G097|MDO||1|
20026807|G097|MDO||1|C
20026865|G097|MDO||1|
20026897|G097|MDO|TBO=N|4|
20026939|G097|MDO||1|C
20026945|G097|MDO||2|
20026991|G097|MDO||0|
20026992|G097|MDO||0|
20027006|G097|MDO||1|
20027007|G097|MDO||1|
20027014|G097|MDO||0|
20027051|G097|MDO|TBO=Y|1|
20027056|G097|MDO||1|
20027074|G097|MDO||1|
20027090|G097|MDO||1|
20027091|G097|MDO||1|
20027092|G097|MDO||1|
20027095|G097|MDO|TBO=N|2|
20027096|G097|MDO||1|
20027097|G097|MDO|TBO=N|2|
20027165|G097|MDO|TBO=Y|2|
20027166|G097|MDO|TBO=N|30|
20027167|G097|MDO|TBO=N|32|
20027171|G097|MDO|TBO=Y|1|
20027185|G097|MDO||2|
20027186|G097|MDO||2|
20027214|G097|MDO|TBO=Y|2|
20027227|G097|MDO||3|
20027240|G097|MDO||1|
20027241|G097|MDO||1|
20027272|G097|MDO|TBO=Y|1|
20027312|G097|MDO||2|
20027368|G097|MDO||2|
20027384|G097|MDO||1|
20027387|G097|MDO||1|
20027448|G097|MDO|TBO=N|24|
20027449|G097|MDO|TBO=Y|1|
20027530|G097|MDO||24|
20027551|G097|MDO||2|
20027587|G097|MDO||1|
20027588|G097|MDO|TBO=N|1|
20027609|G097|MDO||1|
20027661|G097|MDO||1|
20027768|G097|MDO||4|
20027833|G097|MDO||1|
20027837|G097|MDO||1|
20027844|G097|MDO||1|
20027846|G097|MDO||1|
20027848|G097|MDO|TBO=Y|2|
20027850|G097|MDO||1|
20027862|G097|MDO||1|
20027864|G097|MDO||2|
20027865|G097|MDO||1|
20027866|G097|MDO||1|
20027867|G097|MDO||1|
20027868|G097|MDO||1|
20027869|G097|MDO||1|
20027871|G097|MDO||1|
20027910|G097|MDO||1|
20027950|G097|MDO|TBO=Y|1|
20027963|G097|MDO||1|
20027997|G097|MDO||1|
20028001|G097|MDO||1|
20028002|G097|MDO||1|
20028005|G097|MDO||2|
20028161|G097|MDO||2|
20028227|G097|MDO||24|
20028239|G097|MDO||1|
20028241|G097|MDO||0|
20028242|G097|MDO||0|
20028307|G097|MDO||0|
20028329|G097|MDO||1|
20028342|G097|MDO||2|
20028354|G097|MDO|BAP=Y|1|
20028457|G097|MDO||1|
20028467|G097|MDO|TBO=N|1|
20028468|G097|MDO||2|
20028580|G097|MDO|TBO=N|1|
20028582|G097|MDO||0|
20028585|G097|MDO|TBO=N|60|
20028593|G097|MDO|BAP=Y|1|
20028732|G097|MDO||2|
20028734|G097|MDO||0|
20028767|G097|MDO||1|
20028776|G097|MDO||1|
20028779|G097|MDO||1|
20028793|G097|MDO|TBO=N|2|
20028871|G097|MDO|TBO=Y|1|
20028880|G097|MDO|TBO=Y|6|
20028910|G097|MDO|TBO=Y|1|
20028970|G097|MDO||1|
20029005|G097|MDO|TBO=N|1|C
20029054|G097|MDO||24|
20029105|G097|MDO|TBO=Y|1|
20029106|G097|MDO|TBO=Y|1|
20029127|G097|MDO||1|
20029222|G097|MDO||2|
20029228|G097|MDO||1|
20029237|G097|MDO||2|
20029268|G097|MDO||1|
20029278|G097|MDO||1|
20029293|G097|MDO||1|
20029296|G097|MDO|TBO=N|4|
20029306|G097|MDO||2|
20029331|G097|MDO|TBO=Y|1|
20029337|G097|MDO||1|
20029355|G097|MDO||1|
20029372|G097|MDO|TBO=N|1|
20029549|G097|MDO||0|
20029556|G097|MDO||1|
20029634|G097|MDO|TBO=Y|10|
20029636|G097|MDO||1|
20029646|G097|MDO||1|
20029731|G097|MDO||10|
20029756|G097|MDO||1|
20029770|G097|MDO||1|
20029782|G097|MDO||12|
20029816|G097|MDO||0|
20029837|G097|MDO||1|
20030100|G097|MDO||1|
20030118|G097|MDO||1|
20030176|G097|MDO||1|C
20030185|G097|MDO|TBO=N|2|
20030363|G097|MDO||1|C
20030414|G097|MDO||2|
20030445|G097|MDO|TBO=N|1|
20030446|G097|MDO|TBO=N|6|
20030503|G097|MDO|TBO=Y|1|
20030547|G097|MDO|TBO=N|24|
20030638|G097|MDO||1|
20030644|G097|MDO|TBO=Y|1|
20030646|G097|MDO||1|
20030722|G097|MDO||1|
20030801|G097|MDO||1|
20030802|G097|MDO||1|
20030922|G097|MDO||1|
20030940|G097|MDO||1|
20030950|G097|MDO||1|
20030982|G097|MDO||1|
20030983|G097|MDO||1|
20031087|G097|MDO||1|
20031208|G097|MDO||1|
20031215|G097|MDO||1|
20031230|G097|MDO||1|
20031232|G097|MDO||1|
20031233|G097|MDO||1|
20031235|G097|MDO||2|
20031236|G097|MDO||1|
20031238|G097|MDO||1|
20031318|G097|MDO|TBO=N|1|
20031344|G097|MDO||24|
20031487|G097|MDO||1|
20031552|G097|MDO|TBO=Y|1|
20031636|G097|MDO||1|
20031682|G097|MDO||1|
20031736|G097|MDO||2|
20031770|G097|MDO||1|
20031771|G097|MDO||1|
20031775|G097|MDO||5|
20031780|G097|MDO||1|
20031784|G097|MDO|TBO=Y|1|
20031792|G097|MDO||1|
20031830|G097|MDO||1|
20031834|G097|MDO|TBO=N|1|
20031907|G097|MDO|TBO=N|2|
20031910|G097|MDO||0|
20031946|G097|MDO||3|
20031983|G097|MDO||2|
20031999|G097|MDO||1|
20032058|G097|MDO|TBO=N|2|
20032099|G097|MDO||20|
20032100|G097|MDO||20|
20032200|G097|MDO||0|
20032250|G097|MDO||1|
20032252|G097|MDO||1|
20032259|G097|MDO||1|
20032298|G097|MDO||1|C
20032306|G097|MDO||1|
20032307|G097|MDO||1|
20032309|G097|MDO||1|
20032343|G097|MDO|TBO=Y|1|
20032344|G097|MDO|TBO=Y|1|
20032366|G097|MDO||24|
20032368|G097|MDO||24|
20032406|G097|MDO||0|
20032448|G097|MDO||1|
20032449|G097|MDO||1|
20032453|G097|MDO||1|
20032503|G097|MDO||1|
20032519|G097|MDO||30|
20032643|G097|MDO||4|
20032644|G097|MDO||2|
20032723|G097|MDO|TBO=N|2|
20032749|G097|MDO|TBO=N|6|
20032777|G097|MDO|TBO=Y|1|
20032778|G097|MDO|TBO=Y|1|
20032779|G097|MDO|TBO=Y|1|
20032780|G097|MDO|TBO=Y|1|
20032781|G097|MDO|TBO=Y|0|
20032785|G097|MDO|TBO=Y|2|
20032792|G097|MDO||1|
20032806|G097|MDO||2|
20032859|G097|MDO||1|
20032880|G097|MDO||1|
20032984|G097|MDO||1|
20032997|G097|MDO||1|
20032999|G097|MDO||1|
20033003|G097|MDO||1|
20033026|G097|MDO||2|
20033066|G097|MDO||0|
20033091|G097|MDO||0|
20033217|G097|MDO||1|
20033222|G097|MDO||0|
20033284|G097|MDO||0|
20033350|G097|MDO||2|P
20033351|G097|MDO||2|P
20033353|G097|MDO||1|
20033360|G097|MDO||1|
20033392|G097|MDO||2|
20033397|G097|MDO||1|
20033450|G097|MDO||2|
20033452|G097|MDO||1|
20033453|G097|MDO||1|
20033458|G097|MDO|TBO=Y|10|
20033468|G097|MDO||0|
20033504|G097|MDO||3|
20033506|G097|MDO||0|
20033519|G097|MDO||2|
20033520|G097|MDO|TBO=Y|2|
20033528|G097|MDO||3|
20033530|G097|MDO||1|
20033537|G097|MDO||1|
20033539|G097|MDO||1|
20033542|G097|MDO||1|
20033544|G097|MDO|TBO=Y|1|
20033546|G097|MDO||2|
20033547|G097|MDO||2|
20033548|G097|MDO||1|
20033574|G097|MDO||1|
20033575|G097|MDO|TBO=Y|1|
20033585|G097|MDO||0|
20033586|G097|MDO||0|
20033588|G097|MDO||0|
20033592|G097|MDO||0|
20033594|G097|MDO||1|C
20033595|G097|MDO||1|C
20033598|G097|MDO||1|C
20033605|G097|MDO||1|
20033634|G097|MDO||1|
20033636|G097|MDO||1|
20033639|G097|MDO||1|
20033662|G097|MDO||1|
20033668|G097|MDO|TBO=Y|1|
20033669|G097|MDO|TBO=N|1|
20033670|G097|MDO|TBO=N|1|
20033671|G097|MDO|TBO=N|1|
20033672|G097|MDO|TBO=N|1|
20033689|G097|MDO||0|
20033690|G097|MDO||0|
20033691|G097|MDO||0|
20033717|G097|MDO|BAP=Y|1|
20033773|G097|MDO|TBO=Y|1|
20033798|G097|MDO||1|
20033846|G097|MDO||2|
20033962|G097|MDO|TBO=Y|1|
20033964|G097|MDO||1|
20033965|G097|MDO||1|
20033978|G097|MDO||1|
20034034|G097|MDO||1|
20034036|G097|MDO|TBO=N|2|
20034041|G097|MDO||1|
20034042|G097|MDO||1|
20034044|G097|MDO||1|
20034046|G097|MDO||2|
20034077|G097|MDO||2|
20034078|G097|MDO|TBO=N|2|
20034079|G097|MDO|TBO=N|6|
20034080|G097|MDO||2|
20034118|G097|MDO||1|
20034119|G097|MDO||1|
20034120|G097|MDO||1|
20034122|G097|MDO||1|
20034196|G097|MDO||1|
20034266|G097|MDO||1|
20034274|G097|MDO||1|
20034303|G097|MDO||1|
20034304|G097|MDO||2|
20034315|G097|MDO|TBO=N|1|
20034340|G097|MDO||1|
20034342|G097|MDO||1|
20034353|G097|MDO||1|
20034399|G097|MDO||0|
20034413|G097|MDO||1|
20034447|G097|MDO||1|
20034449|G097|MDO||12|
20034450|G097|MDO|TBO=N|4|
20034506|G097|MDO|TBO=N|1|
20034526|G097|MDO||0|
20034536|G097|MDO|TBO=N|4|
20034557|G097|MDO||0|
20034577|G097|MDO|TBO=N|4|
20034583|G097|MDO||1|
20034618|G097|MDO|TBO=Y|24|
20034619|G097|MDO||12|
20034678|G097|MDO||1|
20034682|G097|MDO|TBO=N|2|
20034684|G097|MDO|TBO=N|2|
20034685|G097|MDO|TBO=N|10|
20034686|G097|MDO|TBO=N|4|
20034699|G097|MDO|TBO=Y|1|
20034716|G097|MDO|TBO=N|2|
20034747|G097|MDO|BAP=Y,TBO=N|1|
20034842|G097|MDO||1|
20034850|G097|MDO||1|
20034921|G097|MDO||1|C
20034938|G097|MDO|TBO=N|1|
20034940|G097|MDO|TBO=N|1|
20034941|G097|MDO|TBO=N|1|
20034947|G097|MDO||1|
20034992|G097|MDO|TBO=Y|1|
20034993|G097|MDO||2|
20035113|G097|MDO||3|
20035152|G097|MDO|TBO=N|1|
20035172|G097|MDO|BAP=Y|1|
20035226|G097|MDO||0|
20035259|G097|MDO||0|
20035260|G097|MDO||0|
20035264|G097|MDO||5|
20035266|G097|MDO||1|
20035267|G097|MDO||1|
20035268|G097|MDO||0|
20035278|G097|MDO||1|
20035391|G097|MDO||1|
20035484|G097|MDO|TBO=N|24|
20035489|G097|MDO||1|
20035515|G097|MDO|TBO=Y|48|
20035518|G097|MDO||48|
20035535|G097|MDO||1|
20035536|G097|MDO||1|
20035546|G097|MDO||2|
20035548|G097|MDO||5|
20035565|G097|MDO|BAP=Y|2|
20035586|G097|MDO||1|
20035615|G097|MDO|TBO=Y|1|
20035626|G097|MDO|TBO=N|1|
20035627|G097|MDO|TBO=N|1|
20035628|G097|MDO|TBO=N|1|
20035629|G097|MDO|TBO=N|1|
20035630|G097|MDO|TBO=N|1|
20035631|G097|MDO|TBO=N|1|
20035632|G097|MDO|TBO=N|1|
20035633|G097|MDO||1|
20035634|G097|MDO||1|
20035635|G097|MDO|TBO=N|1|
20035636|G097|MDO||1|
20035678|G097|MDO||1|
20035683|G097|MDO||1|
20035686|G097|MDO|TBO=N|1|
20035692|G097|MDO|TBO=Y|1|
20035693|G097|MDO||1|
20035816|G097|MDO|TBO=Y|1|
20035829|G097|MDO|TBO=N|24|
20035832|G097|MDO||1|
20035877|G097|MDO||1|
20035878|G097|MDO||1|
20035882|G097|MDO||1|
20035884|G097|MDO||1|
20035885|G097|MDO||1|
20035889|G097|MDO||1|
20035963|G097|MDO||0|
20035976|G097|MDO||1|
20035983|G097|MDO||1|
20035998|G097|MDO|TBO=Y|16|
20035999|G097|MDO||1|
20036000|G097|MDO||1|
20036031|G097|MDO||1|
20036047|G097|MDO|TBO=N|12|
20036048|G097|MDO||1|
20036081|G097|MDO||1|
20036082|G097|MDO||1|
20036083|G097|MDO|TBO=Y|1|
20036129|G097|MDO||1|
20036130|G097|MDO|TBO=Y|1|
20036135|G097|MDO||1|
20036146|G097|MDO||1|
20036147|G097|MDO||1|
20036148|G097|MDO||12|
20036157|G097|MDO||24|
20036191|G097|MDO|TBO=N|2|
20036194|G097|MDO||2|
20036238|G097|MDO||0|
20036239|G097|MDO||1|
20036241|G097|MDO||1|
20036308|G097|MDO|BAP=Y|1000|
20036334|G097|MDO||1|
20036344|G097|MDO||1|
20036430|G097|MDO||1|
20036431|G097|MDO||1|
20036433|G097|MDO|TBO=Y|1|
20036467|G097|MDO||1|
20036469|G097|MDO||1|
20036515|G097|MDO||1|
20036545|G097|MDO||1|
20036546|G097|MDO||1|
20036548|G097|MDO||150|
20036578|G097|MDO||1|
20036590|G097|MDO|TBO=N|20|
20036593|G097|MDO|TBO=N|24|
20036696|G097|MDO||1|
20036713|G097|MDO||1|
20036738|G097|MDO||0|
20036752|G097|MDO||1|
20036764|G097|MDO||1|
20036765|G097|MDO||1|
20036783|G097|MDO||1|
20036808|G097|MDO||8|
20036827|G097|MDO||1|
20036865|G097|MDO||1|
20036871|G097|MDO||20|
20036872|G097|MDO||20|
20036874|G097|MDO||20|
20036892|G097|MDO||2|
20036893|G097|MDO||2|
20036969|G097|MDO||1|
20037011|G097|MDO|TBO=Y|1|
20037014|G097|MDO|TBO=Y|1|
20037021|G097|MDO||2|
20037022|G097|MDO||1|
20037027|G097|MDO||1|
20037029|G097|MDO|TBO=N|1|
20037030|G097|MDO|TBO=N|1|
20037035|G097|MDO|TBO=Y|1|
20037036|G097|MDO|TBO=Y|1|
20037037|G097|MDO|TBO=Y|1|
20037042|G097|MDO||12|
20037043|G097|MDO||12|
20037044|G097|MDO||12|
20037058|G097|MDO||1|
20037096|G097|MDO||2|
20037097|G097|MDO||1|
20037098|G097|MDO||1|
20037128|G097|MDO|TBO=N|1|
20037136|G097|MDO||3|
20037137|G097|MDO||1|
20037138|G097|MDO||2|
20037144|G097|MDO||2|
20037147|G097|MDO|TBO=Y|1|
20037149|G097|MDO|TBO=Y|1|
20037150|G097|MDO|TBO=Y|4|
20037152|G097|MDO||2|
20037153|G097|MDO|TBO=N|2|
20037159|G097|MDO||1|
20037179|G097|MDO|TBO=N|32|
20037203|G097|MDO||1|
20037215|G097|MDO||1|
20037222|G097|MDO||1|
20037320|G097|MDO||1|
20037326|G097|MDO|TBO=N|10|
20037329|G097|MDO||1|
20037333|G097|MDO||2|
20037353|G097|MDO||2|
20037379|G097|MDO|TBO=N|1|
20037413|G097|MDO|TBO=N|2|
20037423|G097|MDO||1|
20037446|G097|MDO|TBO=N|1|
20037460|G097|MDO||1|
20037475|G097|MDO||1|
20037488|G097|MDO||1|
20037502|G097|MDO||2|
20037506|G097|MDO|TBO=Y|2|
20037534|G097|MDO||0|
20037535|G097|MDO||2|
20037559|G097|MDO||1|
20037565|G097|MDO|TBO=N|12|
20037566|G097|MDO||12|
20037588|G097|MDO|TBO=Y|10|
20037600|G097|MDO||0|
20037605|G097|MDO|TBO=Y|0|
20037607|G097|MDO||4|
20037608|G097|MDO|TBO=Y|1|
20037618|G097|MDO|TBO=N|30|
20037642|G097|MDO||1|
20037676|G097|MDO||1|
20037703|G097|MDO|TBO=Y|24|
20037805|G097|MDO|BAP=Y|1|
20037806|G097|MDO|BAP=Y|1|
20037810|G097|MDO||0|
20037815|G097|MDO|BAP=Y|1|
20037823|G097|MDO||1|
20037842|G097|MDO|TBO=Y|2|
20037849|G097|MDO|TBO=N|2|
20037850|G097|MDO|TBO=N|1|
20037974|G097|MDO|TBO=Y|2|
20037976|G097|MDO||2|C
20037980|G097|MDO||2|
20037986|G097|MDO||1|
20038013|G097|MDO||1|
20038020|G097|MDO|TBO=N|1|
20038032|G097|MDO||1|
20038033|G097|MDO||1|
20038042|G097|MDO||1|
20038126|G097|MDO||1|
20038127|G097|MDO||1|
20038135|G097|MDO||1|
20038136|G097|MDO||1|
20038143|G097|MDO||10|
20038146|G097|MDO||1|
20038150|G097|MDO||1|
20038184|G097|MDO||1|
20038185|G097|MDO||2|
20038196|G097|MDO|BAP=Y|1|
20038203|G097|MDO||1|
20038224|G097|MDO||1|
20038229|G097|MDO||1|
20038286|G097|MDO|TBO=Y|1|
20038292|G097|MDO||1|
20038425|G097|MDO||2|
20038427|G097|MDO||1|
20038430|G097|MDO|TBO=N|2|
20038448|G097|MDO||2|
20038469|G097|MDO||0|
20038473|G097|MDO|TBO=Y|1|
20038475|G097|MDO||0|
20038491|G097|MDO||1|
20038548|G097|MDO||2|
20038549|G097|MDO||1|
20038558|G097|MDO||1|
20038559|G097|MDO||1|
20038570|G097|MDO||1|
20038650|G097|MDO||1|
20038693|G097|MDO||1|
20038697|G097|MDO|TBO=Y|1|
20038720|G097|MDO||1|
20038726|G097|MDO||4|
20038758|G097|MDO||1|
20038763|G097|MDO||1|
20038764|G097|MDO||1|
20038765|G097|MDO||1|
20038766|G097|MDO||1|
20038767|G097|MDO||1|
20038770|G097|MDO||1|
20038777|G097|MDO||1|
20038778|G097|MDO|TBO=N|1|
20038884|G097|MDO|TBO=N|1|
20038934|G097|MDO||1|
20038945|G097|MDO||1|C
20038946|G097|MDO|TBO=N|1|
20038951|G097|MDO||1|C
20038953|G097|MDO||0|
20038957|G097|MDO|TBO=N|1|
20038958|G097|MDO|TBO=N|2|
20038960|G097|MDO|TBO=Y|0|
20038963|G097|MDO||1|
20038976|G097|MDO|BAP=Y|1000|
20038979|G097|MDO|BAP=Y,TBO=Y|1000|
20038986|G097|MDO||1|
20038988|G097|MDO||1|
20039011|G097|MDO||1|
20039012|G097|MDO||1|
20039013|G097|MDO||1|
20039113|G097|MDO||6|
20039114|G097|MDO||6|
20039116|G097|MDO||6|
20039118|G097|MDO||0|
20039132|G097|MDO|BAP=Y|1000|
20039133|G097|MDO|BAP=Y|1000|
20039152|G097|MDO||1|
20039153|G097|MDO||1|
20039156|G097|MDO||2|
20039161|G097|MDO||1|
20039166|G097|MDO||1|
20039178|G097|MDO||10|
20039183|G097|MDO||1|
20039235|G097|MDO||2|
20039339|G097|MDO|TBO=Y|1|
20039420|G097|MDO||1|
20039421|G097|MDO||1|
20039422|G097|MDO||1|
20039423|G097|MDO|TBO=N|1|
20039424|G097|MDO|TBO=N|1|
20039448|G097|MDO||1|C
20039449|G097|MDO||1|C
20039450|G097|MDO||1|C
20039494|G097|MDO||2|
20039541|G097|MDO|TBO=Y|4|
20039548|G097|MDO||1|
20039608|G097|MDO||1|
20039610|G097|MDO||3|
20039621|G097|MDO||1|
20039636|G097|MDO|TBO=Y|24|
20039637|G097|MDO|TBO=Y|24|
20039638|G097|MDO|TBO=Y|24|
20039646|G097|MDO||1|C
20039650|G097|MDO||1|
20039692|G097|MDO|TBO=Y|1|
20039702|G097|MDO||1|C
20039715|G097|MDO||2|
20039717|G097|MDO||4|
20039725|G097|MDO|TBO=Y|1|C
20039727|G097|MDO||1|
20039728|G097|MDO||1|
20039732|G097|MDO||24|
20039784|G097|MDO||1|
20039821|G097|MDO||0|
20039822|G097|MDO|BAP=Y,TBO=Y|1|
20039823|G097|MDO|BAP=Y|10|
20039866|G097|MDO||1|
20039871|G097|MDO||0|
20039905|G097|MDO||1|
20039963|G097|MDO||0|
20040062|G097|MDO||1|
20040067|G097|MDO|TBO=Y|2|
20040081|G097|MDO|TBO=Y|0|
20040083|G097|MDO|TBO=Y|0|
20040096|G097|MDO||1|
20040153|G097|MDO|TBO=N|12|
20040194|G097|MDO||1|
20040217|G097|MDO||1|
20040236|G097|MDO|BAP=Y|1|
20040239|G097|MDO|BAP=Y|1|
20040243|G097|MDO|BAP=Y|1|
20040276|G097|MDO||24|
20040283|G097|MDO||1|
20040293|G097|MDO|TBO=N|2|
20040294|G097|MDO|TBO=N|10|
20040295|G097|MDO|TBO=N|1|
20040296|G097|MDO|TBO=N|2|
20040297|G097|MDO|TBO=N|1|
20040298|G097|MDO|TBO=N|2|
20040299|G097|MDO|TBO=N|3|
20040300|G097|MDO|TBO=N|3|
20040301|G097|MDO|TBO=N|1|
20040302|G097|MDO|TBO=N|1|
20040303|G097|MDO||1|
20040306|G097|MDO||1|
20040312|G097|MDO|TBO=N|3|
20040315|G097|MDO||1|
20040340|G097|MDO||3|
20040341|G097|MDO||1|
20040383|G097|MDO|TBO=N|24|
20040414|G097|MDO|TBO=Y|2|
20040434|G097|MDO||1|
20040435|G097|MDO||2|
20040458|G097|MDO||1|
20040484|G097|MDO|TBO=N|1|
20040485|G097|MDO|TBO=N|1|
20040486|G097|MDO|TBO=N|1|
20040501|G097|MDO|TBO=Y|1|
20040504|G097|MDO||1|
20040510|G097|MDO||20|
20040528|G097|MDO||2|
20040539|G097|MDO||1|
20040540|G097|MDO||1|
20040542|G097|MDO||1|
20040546|G097|MDO||1|
20040547|G097|MDO||1|
20040575|G097|MDO|TBO=N|6|
20040608|G097|MDO||1|
20040609|G097|MDO||1|
20040611|G097|MDO||1|
20040614|G097|MDO|TBO=N|1|
20040678|G097|MDO||1|
20040679|G097|MDO||1|
20040680|G097|MDO||1|
20040681|G097|MDO||1|
20040682|G097|MDO||1|
20040690|G097|MDO||1|
20040697|G097|MDO|TBO=N|4|
20040702|G097|MDO||2|
20040705|G097|MDO||1|
20040708|G097|MDO||1|
20040710|G097|MDO||1|
20040719|G097|MDO|TBO=N|5|
20040738|G097|MDO||1|
20040833|G097|MDO|TBO=Y|5|
20040844|G097|MDO||1|
20040845|G097|MDO|TBO=Y|1|
20040847|G097|MDO||1|
20040889|G097|MDO||1|
20040891|G097|MDO||1|
20040893|G097|MDO|BAP=Y,TBO=N|1|
20040894|G097|MDO|BAP=Y,TBO=N|1|
20040895|G097|MDO|BAP=Y|500|
20040896|G097|MDO|BAP=Y|700|
20040897|G097|MDO|BAP=Y,TBO=N|1000|
20040898|G097|MDO|BAP=Y,TBO=N|500|
20040899|G097|MDO||0|
20040901|G097|MDO|BAP=Y|242|
20040926|G097|MDO||1|
20040927|G097|MDO|TBO=N|2|
20040928|G097|MDO|TBO=N|2|
20040929|G097|MDO|TBO=N|1|
20040930|G097|MDO|TBO=N|1|
20040933|G097|MDO||1|
20040941|G097|MDO||1|
20040959|G097|MDO|TBO=N|1|
20041018|G097|MDO|BAP=Y|2|
20041057|G097|MDO|BAP=Y|1|
20041084|G097|MDO||0|
20041085|G097|MDO||1|
20041119|G097|MDO||2|
20041120|G097|MDO||2|
20041125|G097|MDO||0|
20041126|G097|MDO||0|
20041127|G097|MDO||0|
20041163|G097|MDO||0|
20041164|G097|MDO||1|
20041194|G097|MDO|BAP=Y|1000|
20041237|G097|MDO||1|
20041249|G097|MDO|TBO=Y|12|
20041257|G097|MDO|BAP=Y,TBO=N|2|
20041266|G097|MDO|TBO=N|2|
20041348|G097|MDO||6|
20041350|G097|MDO||1|
20041375|G097|MDO||0|
20041385|G097|MDO|TBO=Y|2|
20041399|G097|MDO|TBO=N|1|
20041400|G097|MDO|TBO=N|2|
20041422|G097|MDO||1|
20041430|G097|MDO||2|
20041438|G097|MDO||4|
20041439|G097|MDO||1|C
20041483|G097|MDO||6|
20041523|G097|MDO||1|
20041531|G097|MDO||1|
20041559|G097|MDO||1|
20041560|G097|MDO||1|
20041562|G097|MDO||2|
20041572|G097|MDO|BAP=Y|1|
20041573|G097|MDO||1|
20041574|G097|MDO||1|
20041602|G097|MDO||1|
20041609|G097|MDO||2|
20041619|G097|MDO||1|
20041621|G097|MDO|TBO=N|2|
20041622|G097|MDO|TBO=N|1|
20041623|G097|MDO||1|
20041626|G097|MDO||1|
20041641|G097|MDO||1|
20041671|G097|MDO||1|
20041673|G097|MDO||1|
20041676|G097|MDO||1|
20041685|G097|MDO||1|
20041704|G097|MDO|TBO=N|1|
20041707|G097|MDO||1|
20041753|G097|MDO|TBO=N|1|
20041774|G097|MDO||1|
20041777|G097|MDO||1|
20041779|G097|MDO||1|
20041808|G097|MDO||1|
20041814|G097|MDO||0|
20041848|G097|MDO||2|
20041881|G097|MDO||1|
20041886|G097|MDO||1|
20041887|G097|MDO||1|C
20041890|G097|MDO|TBO=Y|1|
20041937|G097|MDO||2|
20041938|G097|MDO||1|
20041939|G097|MDO||1|
20041942|G097|MDO||1|C
20041990|G097|MDO|TBO=Y|1|
20041999|G097|MDO||6|