TANGGAL|NIK|NAMA|SHIFT|STATION|KETERANGAN|STATUS|PROGRAM|KODETOKO|JABATAN|ROLE
2022-08-16 10:07:32|2013219579|NIDA TAHANI PUTRI||02|Berhasil - Validasi SO BAZAR jabatan1 (Scanfinger) |ScanFinger|ScanFinger.dll v.1.0.18.0|TI4C| |
2022-08-16 10:07:32|2013219579|||02|Berhasil - Validasi SO BAZAR|ScanFinger|BA.exe 3.4.24.6|TI4C| |
2022-08-16 10:07:40|2007001079|JANUAR WIBISONO||02|Berhasil - Validasi SO BAZAR APPROVAL jabatan1 (Scanfinger) |ScanFinger|ScanFinger.dll v.1.0.18.0|TI4C| |
2022-08-16 10:07:40|2007001079|||02|Berhasil - Validasi SO BAZAR APPROVAL|ScanFinger|BA.exe 3.4.24.6|TI4C| |
2022-08-16 11:00:41|2013219579|NIDA TAHANI PUTRI|1|02|Berhasil - Validasi REKAP SHIFT jabatan1 (Scanfinger) |ScanFinger|ScanFinger.dll v.1.0.18.0|TI4C| |
2022-08-16 14:39:02|2013219579|NIDA TAHANI PUTRI|1|02|Berhasil - Validasi INPUT AKTUAL KAS jabatan1 ;NIK=2013219579Nama=NIDA TAHANI PUTRI|ScanFinger|POS2.EXE 3.5.27.0|TI4C| |
2022-08-16 14:39:07|Unknown|Unknown|1|02|GAGAL - Validasi INPUT AKTUAL KAS jabatan2 : NIK tidak ditemukan|ScanFinger|POS2.EXE 3.5.27.0|TI4C| |
2022-08-16 14:39:10|2013219579|NIDA TAHANI PUTRI|1|02|Berhasil - Validasi INPUT AKTUAL KAS jabatan2 |ScanFinger|POS2.EXE 3.5.27.0|TI4C| |
