TGL_KONFIRMASI|KD_EVENT|NO_SKP|KD_SUPP|NM_SUPP|NILAI_INSTORE_PROMO|NILAI_DEPOSIT|PERIODE_AWAL|PERIODE_AKHIR|CARA_PEMBAYARAN|KETERANGAN|KD_PRINCIPAL|NM_PRINCIPAL|NM_PRODUK
14-NOV-22|0003|0017/02/22/ICC|10003|INTI CAKRAWALA CORPORATION SBY|1|1|09-NOV-22|09-NOV-22|FULL|tes|10000|INTI CAKRAWALAAAAAAAAA|tes
14-NOV-22|0003|0041/02/22/ICC|10004|INTI CAKRAWALA CORPORATION BDG|2000000|2000000|14-NOV-22|14-NOV-22|FULL||10002|INTI CAKRAWALA CORPORATION BAN|HM
14-NOV-22|0003|0042/02/22/ICC|10003|INTI CAKRAWALA CORPORATION SBY|2500000|2500000|14-NOV-22|14-NOV-22|FULL||10000|INTI CAKRAWALAAAAAAAAA|UN
14-NOV-22|0400001|0031/04/22/ICC|10003|INTI CAKRAWALA CORPORATION SBY|10000000|9000000|14-NOV-22|16-NOV-22|FULL|AP|10003|INTI CAKRAWALA CORPORATION SBY|UIU
