TGL_KONFIRMASI|KD_EVENT|NO_SKPP|KD_SUPP|NM_SUPP|NILAI_INSTORE_PROMO|NILAI_DEPOSIT|PERIODE_AWAL|PERIODE_AKHIR|CARA_PEMBAYARAN|KETERANGAN|REALISASI_PROMO|DATA_PELUNASAN|KD_PRINCIPAL|NM_PRINCIPAL|NM_PRODUK
14-NOV-22|0003|0017A/02/22/ICC|10003|INTI CAKRAWALA CORPORATION SBY|1|1|09-NOV-22|09-NOV-22|FULL|tes|1|0|10000|INTI CAKRAWALAAAAAAAAA|tes
14-NOV-22|0003|0041A/02/22/ICC|10004|INTI CAKRAWALA CORPORATION BDG|2000000|2000000|14-NOV-22|14-NOV-22|FULL||1900000|0|10002|INTI CAKRAWALA CORPORATION BAN|HM
14-NOV-22|0003|0042A/02/22/ICC|10003|INTI CAKRAWALA CORPORATION SBY|2500000|2500000|14-NOV-22|14-NOV-22|FULL||3000000|500000|10000|INTI CAKRAWALAAAAAAAAA|UN
14-NOV-22|0400001|0031A/04/22/ICC|10003|INTI CAKRAWALA CORPORATION SBY|10000000|9000000|14-NOV-22|16-NOV-22|FULL|AP|9000000|0|10003|INTI CAKRAWALA CORPORATION SBY|UIU
14-NOV-22|100017|4432A/01/18/ICC|29414|ABADI NIAGA PRIMA PT.|3000000|500000|01-DEC-18|15-DEC-18|FULL|PROMO WONG COCO MY JELLY 5X14GR BELI 3PC POTONGAN HARGA Rp 1.000  KLAIM SALES PF )|6976000|6476000|29414|ABADI NIAGA PRIMA PT.|WCC 5s
